"Exp","Site","Hole","Core","Type","Sect","A/W","Offset (cm)","Depth CSF-A (m)","Depth CSF-B (m)","Submethod","Moisture dry (wt%)","Moisture wet (wt%)","Bulk density (g/cm³)","Dry density (g/cm³)","Grain density (g/cm³)","Porosity (vol%)","Void ratio","Container number","Mass wet sample (g)","Mass dried sample (g)","Mass porewater (g)","Mass salt (g)","Mass solids (g)","Vol wet sample (cm³)","Vol dried sample (cm³)","Vol porewater (cm³)","Vol salt (cm³)","Vol solids (cm³)","Timestamp (UTC)","Text ID","Test No.","Sample comments"
"349","U1431","D","1","H","1","W","75.0","0.750","0.745","C","189.5","65.5","1.310","0.452","2.777","83.7","5.138","4861","10.436","3.844","6.831","0.239","3.605","7.969","1.406","6.671","0.10770","1.298","2014-02-03 15:13:49","CYL5320191","55881331",""
"349","U1431","D","1","H","2","W","50.0","2.000","1.988","C","151.0","60.2","1.372","0.547","2.816","80.6","4.152","4862","11.061","4.640","6.654","0.233","4.407","8.063","1.670","6.498","0.10490","1.565","2014-02-03 15:13:56","CYL5320221","55881341",""
"349","U1431","D","1","H","3","W","27.0","2.770","2.752","C","165.9","62.4","1.348","0.507","2.840","82.1","4.602","4863","10.327","4.109","6.444","0.226","3.883","7.660","1.469","6.293","0.10159","1.367","2014-02-03 15:14:03","CYL5320241","55881351",""
"349","U1431","D","2","H","1","W","60.0","3.800","3.800","C","114.5","53.4","1.462","0.681","2.865","76.2","3.204","4864","13.877","6.728","7.408","0.259","6.469","9.493","2.375","7.235","0.11680","2.258","2014-02-03 15:14:09","CYL5323491","55881361",""
"349","U1431","D","2","H","2","W","60.0","5.300","5.300","C","64.3","39.1","1.670","1.017","2.808","63.8","1.762","4865","13.403","8.343","5.244","0.184","8.159","8.026","2.988","5.121","0.08267","2.905","2014-02-03 15:14:15","CYL5323501","55881371",""
"349","U1431","D","2","H","3","W","60.0","6.800","6.800","C","167.1","62.6","1.347","0.504","2.847","82.3","4.647","4866","13.428","5.321","8.401","0.294","5.027","9.970","1.898","8.204","0.13245","1.766","2014-02-03 15:37:47","CYL5323511","55882081",""
"349","U1431","D","2","H","4","W","75.0","8.450","8.450","C","92.2","48.0","1.533","0.797","2.826","71.8","2.544","4867","13.810","7.418","6.624","0.232","7.186","9.011","2.647","6.469","0.10443","2.543","2014-02-03 15:37:53","CYL5323521","55882101",""
"349","U1431","D","2","H","5","W","69.0","9.890","9.890","C","90.1","47.4","1.543","0.812","2.839","71.4","2.498","4868","14.745","8.001","6.989","0.245","7.756","9.557","2.842","6.825","0.11018","2.732","2014-02-03 15:38:00","CYL5323531","55882111",""
"349","U1431","D","2","H","6","W","78.0","11.480","11.480","C","96.7","49.2","1.519","0.772","2.851","72.9","2.691","4853","14.503","7.624","7.128","0.249","7.375","9.548","2.699","6.961","0.11239","2.587","2014-02-03 15:37:40","CYL5323541","55882071",""
"349","U1431","D","3","H","1","W","69.0","13.390","13.390","C","46.1","31.5","1.811","1.240","2.803","55.8","1.261","4854","14.203","9.880","4.480","0.157","9.723","7.844","3.540","4.375","0.07063","3.469","2014-02-03 21:28:44","CYL5324411","55999121",""
"349","U1431","D","3","H","2","W","69.0","14.890","14.890","C","172.2","63.3","1.330","0.488","2.738","82.2","4.605","4855","12.717","4.953","8.046","0.282","4.671","9.563","1.833","7.857","0.12685","1.706","2014-02-03 21:29:14","CYL5324421","56001081",""
"349","U1431","D","3","H","3","W","72.0","16.420","16.420","C","112.7","53.0","1.464","0.688","2.834","75.7","3.118","4856","14.293","6.986","7.572","0.265","6.721","9.766","2.491","7.395","0.11938","2.372","2014-02-03 21:32:22","CYL5324431","56009151",""
"349","U1431","D","3","H","4","W","53.0","17.730","17.730","C","111.7","52.8","1.468","0.694","2.848","75.6","3.106","4857","12.009","5.895","6.336","0.222","5.673","8.179","2.092","6.187","0.09989","1.992","2014-02-03 21:32:29","CYL5324441","56009461",""
"349","U1431","D","3","H","5","W","82.0","19.520","19.520","C","103.9","51.0","1.489","0.730","2.823","74.1","2.866","4858","9.135","4.642","4.656","0.163","4.479","6.133","1.660","4.547","0.07340","1.587","2014-02-03 21:32:50","CYL5324451","56010341",""
"349","U1431","D","3","H","6","W","89.0","21.090","21.090","C","93.1","48.2","1.542","0.799","2.917","72.6","2.652","4859","11.197","5.988","5.398","0.189","5.799","7.259","2.073","5.271","0.08510","1.988","2014-02-03 21:49:15","CYL5324461","56017971",""
"349","U1431","D","3","H","6","W","110.0","21.300","21.300","C","106.6","51.6","1.485","0.719","2.857","74.8","2.975","4860","14.875","7.468","7.676","0.269","7.199","10.016","2.641","7.496","0.12101","2.520","2014-02-03 21:49:22","CYL5324471","56017981",""
"349","U1431","D","3","H","7","W","27.0","21.680","21.680","C","111.5","52.7","1.467","0.693","2.831","75.5","3.082","4845","14.286","7.018","7.532","0.264","6.754","9.741","2.505","7.355","0.11874","2.386","2014-02-03 21:45:35","CYL5324481","56017911",""
"349","U1431","D","4","H","1","W","68.0","22.880","22.851","C","59.0","37.1","1.702","1.070","2.792","61.7","1.608","4846","14.779","9.487","5.484","0.192","9.295","8.685","3.416","5.355","0.08646","3.330","2014-02-03 21:48:31","CYL5326671","56017951",""
"349","U1431","D","4","H","2","W","67.0","24.370","24.276","C","112.8","53.0","1.446","0.679","2.700","74.8","2.976","4847","14.028","6.851","7.437","0.260","6.591","9.704","2.558","7.263","0.11725","2.441","2014-02-03 21:48:37","CYL5326681","56017961",""
"349","U1431","D","4","H","3","W","74.0","25.940","25.778","C","1092.4","91.6","0.933","0.078","0.474","83.5","5.054","4848","12.102","1.403","11.087","0.388","1.015","12.969","2.317","10.827","0.17480","2.142","2014-02-04 01:17:17","CYL5326691","56042701",""
"349","U1431","D","4","H","4","W","70.0","27.400","27.175","C","433.5","81.3","1.028","0.193","1.044","81.5","4.418","4849","15.253","3.293","12.394","0.434","2.859","14.843","2.935","12.103","0.19540","2.740","2014-02-03 22:15:53","CYL5326701","56021681",""
"349","U1431","D","4","H","5","W","70.0","28.900","28.610","C","243.1","70.9","1.107","0.323","1.378","76.6","3.271","4850","16.120","5.098","11.422","0.400","4.698","14.564","3.590","11.154","0.18007","3.410","2014-02-03 22:16:27","CYL5326711","56021731",""
"349","U1431","D","4","H","6","W","68.0","30.380","30.026","C","299.6","75.0","1.077","0.269","1.275","78.9","3.730","4851","16.335","4.516","12.248","0.429","4.087","15.168","3.400","11.961","0.19309","3.207","2014-02-03 22:16:40","CYL5326721","56021751",""
"349","U1431","D","4","H","7","W","15.0","31.260","30.868","C","263.5","72.5","1.098","0.302","1.355","77.7","3.486","4852","16.563","4.977","12.006","0.420","4.557","15.089","3.553","11.725","0.18929","3.364","2014-02-03 22:16:54","CYL5326731","56021771",""
"349","U1431","D","5","H","1","W","83.0","32.530","32.503","C","93.6","48.3","1.540","0.796","2.916","72.7","2.665","4837","15.050","8.029","7.276","0.255","7.774","9.771","2.781","7.105","0.11471","2.666","2014-02-04 01:19:15","CYL5327781","56042831",""
"349","U1431","D","5","H","2","W","46.0","33.660","33.596","C","66.5","39.9","1.664","0.999","2.849","64.9","1.851","4838","15.743","9.674","6.289","0.220","9.454","9.461","3.418","6.142","0.09915","3.319","2014-02-04 01:18:33","CYL5327791","56042761",""
"349","U1431","D","5","H","3","W","61.0","35.310","35.192","C","73.3","42.3","1.625","0.938","2.852","67.1","2.042","4839","16.484","9.756","6.972","0.244","9.512","10.144","3.445","6.809","0.10992","3.335","2014-02-04 01:17:52","CYL5327801","56042721",""
"349","U1431","D","5","H","4","W","76.0","36.960","36.788","C","66.2","39.8","1.663","1.001","2.835","64.7","1.833","4840","16.965","10.443","6.759","0.237","10.206","10.201","3.707","6.600","0.10655","3.600","2014-02-04 01:17:35","CYL5327811","56042711",""
"349","U1431","D","5","H","5","W","66.0","38.360","38.142","C","92.0","47.9","1.530","0.797","2.803","71.6","2.520","4841","15.700","8.439","7.524","0.263","8.176","10.264","3.035","7.348","0.11863","2.916","2014-02-04 07:20:17","CYL5327821","56083071",""
"349","U1431","D","5","H","6","W","41.0","39.610","39.353","C","83.5","45.5","1.578","0.860","2.877","70.1","2.346","4842","16.202","9.087","7.373","0.258","8.829","10.269","3.185","7.200","0.11624","3.069","2014-02-04 07:20:58","CYL5327831","56083101",""
"349","U1431","D","5","H","7","W","9.0","40.790","40.494","C","49.5","33.1","1.805","1.208","2.901","58.4","1.402","4843","16.927","11.519","5.604","0.196","11.323","9.375","3.991","5.473","0.08835","3.903","2014-02-04 07:21:18","CYL5327841","56083111",""
"349","U1431","D","6","H","1","W","69.0","41.890","41.872","C","78.2","43.9","1.575","0.884","2.720","67.5","2.078","4844","15.110","8.710","6.632","0.232","8.478","9.594","3.222","6.477","0.10456","3.117","2014-02-04 07:21:36","CYL5329891","56083121",""
"349","U1431","D","6","H","2","W","64.0","43.340","43.286","C","53.1","34.7","1.752","1.145","2.814","59.3","1.458","4829","15.937","10.605","5.525","0.193","10.412","9.096","3.787","5.396","0.08711","3.700","2014-02-04 07:20:01","CYL5329901","56083061",""
"349","U1431","D","6","H","3","W","65.0","44.850","44.756","C","69.9","41.1","1.636","0.963","2.813","65.8","1.920","4830","16.260","9.804","6.690","0.234","9.570","9.936","3.508","6.533","0.10548","3.403","2014-02-04 08:22:16","CYL5329911","56093901",""
"349","U1431","D","6","H","4","W","75.0","46.450","46.316","C","51.0","33.8","1.794","1.189","2.911","59.2","1.449","4831","16.290","10.983","5.499","0.192","10.791","9.078","3.794","5.371","0.08670","3.707","2014-02-04 08:25:46","CYL5329921","56093971",""
"349","U1431","D","6","H","5","W","75.0","47.950","47.777","C","86.8","46.5","1.538","0.824","2.726","69.8","2.310","4832","15.580","8.596","7.237","0.253","8.343","10.128","3.174","7.068","0.11410","3.060","2014-02-04 08:25:52","CYL5329931","56093981",""
"349","U1431","D","6","H","6","W","73.0","49.430","49.219","C","55.9","35.9","1.748","1.121","2.891","61.2","1.579","4833","15.771","10.312","5.657","0.198","10.114","9.023","3.588","5.524","0.08919","3.499","2014-02-04 08:25:58","CYL5329941","56093991",""
"349","U1431","D","6","H","7","W","30.0","50.460","50.223","C","72.1","41.9","1.636","0.951","2.873","66.9","2.022","4834","16.495","9.828","6.909","0.242","9.586","10.084","3.446","6.747","0.10892","3.337","2014-02-04 08:26:04","CYL5329951","56094001",""
"349","U1431","D","7","H","1","W","24.0","50.940","50.940","C","143.2","58.9","1.388","0.571","2.826","79.8","3.953","4821","17.622","7.608","10.377","0.363","7.245","12.697","2.727","10.134","0.16360","2.563","2014-02-04 08:04:19","CYL5332031","56088651",""
"349","U1431","D","7","H","2","W","77.0","52.970","52.970","C","65.7","39.7","1.668","1.006","2.845","64.6","1.826","4822","16.597","10.244","6.583","0.230","10.014","9.949","3.624","6.429","0.10379","3.520","2014-02-04 08:04:31","CYL5332041","56088661",""
"349","U1431","D","7","H","3","W","67.0","54.370","54.370","C","72.3","42.0","1.642","0.953","2.912","67.3","2.056","4823","17.570","10.454","7.374","0.258","10.196","10.703","3.618","7.201","0.11626","3.502","2014-02-04 08:04:43","CYL5332051","56088671",""
"349","U1431","D","7","H","5","W","66.0","57.360","57.360","C","74.2","42.6","1.588","0.912","2.683","66.0","1.943","4835","14.503","8.543","6.176","0.216","8.327","9.135","3.201","6.031","0.09737","3.104","2014-02-04 08:04:55","CYL5332061","56088681",""
"349","U1431","D","7","H","6","W","41.0","58.110","58.110","C","60.1","37.5","1.730","1.081","2.954","63.4","1.733","4836","11.690","7.456","4.388","0.154","7.302","6.757","2.541","4.285","0.06917","2.472","2014-02-04 08:05:07","CYL5332071","56088691",""
"349","U1431","D","8","H","1","W","55.0","60.750","60.750","C","77.1","43.5","1.523","0.860","2.441","64.8","1.837","4805","11.400","6.612","4.962","0.174","6.438","7.483","2.716","4.845","0.07822","2.638","2014-02-04 15:34:19","CYL5338771","56157931",""
"349","U1431","D","8","H","2","W","32.0","62.020","62.020","C","80.0","44.4","1.589","0.883","2.846","69.0","2.224","4815","15.575","8.895","6.922","0.242","8.653","9.800","3.149","6.760","0.10914","3.040","2014-02-04 15:31:30","CYL5338781","56155761",""
"349","U1431","D","8","H","3","W","53.0","63.730","63.730","C","57.3","36.4","1.727","1.098","2.846","61.4","1.593","4816","17.885","11.597","6.516","0.228","11.369","10.359","4.098","6.363","0.10273","3.995","2014-02-04 15:31:35","CYL5338791","56155771",""
"349","U1431","D","8","H","4","W","79.0","65.490","65.490","C","75.4","43.0","1.602","0.913","2.791","67.3","2.056","4817","17.163","10.041","7.380","0.258","9.783","10.713","3.622","7.207","0.11636","3.506","2014-02-04 17:49:26","CYL5338801","56193801",""
"349","U1431","D","8","H","5","W","59.0","66.790","66.790","C","69.2","40.9","1.661","0.982","2.918","66.4","1.972","4818","17.632","10.673","7.211","0.252","10.421","10.614","3.685","7.042","0.11369","3.571","2014-02-04 17:49:35","CYL5338811","56193811",""
"349","U1431","D","8","H","6","W","41.0","68.110","68.110","C","70.9","41.5","1.615","0.945","2.734","65.4","1.894","4819","16.277","9.759","6.754","0.236","9.523","10.079","3.589","6.596","0.10649","3.483","2014-02-04 17:49:42","CYL5338821","56193821",""
"349","U1431","D","8","H","7","W","30.0","69.200","69.200","C","59.5","37.3","1.688","1.058","2.747","61.5","1.595","4820","18.577","11.892","6.927","0.242","11.650","11.006","4.350","6.765","0.10922","4.241","2014-02-04 17:49:50","CYL5338831","56193831",""
"349","U1431","D","9","H","1","W","70.0","70.400","70.400","C","53.6","34.9","1.758","1.145","2.852","59.9","1.491","4813","17.510","11.617","6.107","0.214","11.403","9.962","4.095","5.964","0.09628","3.999","2014-02-04 13:52:12","CYL5336671","56134341",""
"349","U1431","D","9","H","2","W","68.0","71.880","71.880","C","59.2","37.2","1.725","1.083","2.901","62.7","1.678","4814","17.103","10.963","6.363","0.223","10.740","9.916","3.803","6.214","0.10031","3.703","2014-02-04 13:54:33","CYL5336681","56135241",""
"349","U1431","D","9","H","3","W","73.0","73.430","73.430","C","56.2","36.0","1.754","1.123","2.930","61.7","1.609","4824","17.796","11.615","6.405","0.224","11.391","10.143","3.989","6.255","0.10098","3.888","2014-02-04 14:00:06","CYL5336691","56135401",""
"349","U1431","D","9","H","4","W","84.0","75.040","75.040","C","67.5","40.3","1.680","1.003","2.958","66.1","1.950","4825","17.528","10.712","7.063","0.247","10.465","10.435","3.649","6.898","0.11136","3.538","2014-02-04 14:00:13","CYL5336701","56135411",""
"349","U1431","D","9","H","5","W","69.0","76.390","76.390","C","59.3","37.2","1.706","1.071","2.819","62.0","1.632","4826","18.105","11.602","6.739","0.236","11.366","10.613","4.138","6.581","0.10624","4.032","2014-02-04 14:00:21","CYL5336711","56135421",""
"349","U1431","D","9","H","6","W","69.0","77.890","77.890","C","68.2","40.6","1.659","0.986","2.877","65.7","1.917","4827","13.735","8.359","5.571","0.195","8.164","8.279","2.926","5.440","0.08783","2.838","2014-02-04 15:29:55","CYL5336721","56155531",""
"349","U1431","D","9","H","7","W","31.0","78.610","78.610","C","56.7","36.2","1.705","1.088","2.736","60.2","1.514","4828","15.621","10.169","5.650","0.198","9.971","9.162","3.734","5.517","0.08907","3.645","2014-02-04 15:30:39","CYL5336731","56155711",""
"349","U1431","D","10","H","1","W","78.0","79.980","79.952","C","57.9","36.7","1.732","1.097","2.885","62.0","1.630","4810","16.911","10.930","6.198","0.217","10.713","9.766","3.811","6.053","0.09772","3.713","2014-02-04 17:49:18","CYL5339971","56193791",""
"349","U1431","D","10","H","2","W","73.0","81.430","81.348","C","60.0","37.5","1.704","1.065","2.832","62.4","1.659","4811","17.678","11.281","6.629","0.232","11.049","10.375","4.006","6.474","0.10451","3.901","2014-02-04 18:21:15","CYL5339981","56196941",""
"349","U1431","D","10","H","3","W","41.0","82.610","82.485","C","64.1","39.1","1.689","1.029","2.897","64.5","1.815","4812","16.801","10.465","6.566","0.230","10.235","9.945","3.637","6.412","0.10351","3.533","2014-02-04 18:21:21","CYL5339991","56196951",""
"349","U1431","D","10","H","4","W","12.0","83.820","83.652","C","59.8","37.4","1.732","1.084","2.951","63.3","1.722","4809","17.638","11.271","6.598","0.231","11.040","10.184","3.845","6.443","0.10402","3.741","2014-02-04 18:21:09","CYL5340001","56196931",""
"349","U1431","D","10","H","5","W","24.0","85.240","85.019","C","93.3","48.3","1.512","0.782","2.722","71.3","2.480","4808","16.026","8.562","7.735","0.271","8.291","10.599","3.168","7.553","0.12194","3.046","2014-02-04 18:21:03","CYL5340011","56196921",""
"349","U1431","D","10","H","6","W","55.0","86.130","85.877","C","59.4","37.3","1.685","1.057","2.731","61.3","1.584","4807","19.081","12.221","7.109","0.249","11.972","11.326","4.496","6.942","0.11208","4.384","2014-02-04 18:20:57","CYL5340021","56196911",""
"349","U1431","D","10","H","7","W","20.0","87.280","86.985","C","62.9","38.6","1.625","0.998","2.575","61.3","1.581","4806","18.552","11.641","7.162","0.251","11.390","11.418","4.537","6.994","0.11291","4.424","2014-02-04 20:59:00","CYL5340031","56219751",""
"349","U1431","D","10","H","8","W","41.0","88.170","87.843","C","52.2","34.3","1.732","1.138","2.708","58.0","1.381","4797","17.839","11.935","6.118","0.214","11.721","10.302","4.424","5.975","0.09646","4.328","2014-02-04 20:58:44","CYL5340041","56219741",""
"349","U1431","D","11","H","1","W","79.0","89.490","89.490","C","56.2","36.0","1.746","1.118","2.891","61.3","1.586","4798","16.953","11.070","6.096","0.213","10.857","9.708","3.851","5.953","0.09611","3.755","2014-02-04 20:59:13","CYL5341991","56219761",""
"349","U1431","D","11","H","2","W","63.0","90.830","90.830","C","57.1","36.3","1.640","1.044","2.498","58.2","1.393","4799","16.882","10.962","6.135","0.215","10.747","10.293","4.399","5.991","0.09672","4.302","2014-02-04 20:59:26","CYL5342001","56219771",""
"349","U1431","D","11","H","3","W","46.0","92.160","92.160","C","64.5","39.2","1.571","0.955","2.399","60.2","1.512","4800","17.033","10.586","6.681","0.234","10.352","10.839","4.420","6.524","0.10533","4.315","2014-02-04 20:59:34","CYL5342011","56219781",""
"349","U1431","D","11","H","4","W","68.0","93.880","93.880","C","66.4","39.9","1.638","0.984","2.720","63.8","1.764","4801","17.920","11.020","7.150","0.250","10.770","10.942","4.072","6.983","0.11273","3.959","2014-02-04 22:04:49","CYL5342021","56222091",""
"349","U1431","D","11","H","5","W","71.0","95.410","95.410","C","52.0","34.2","1.789","1.177","2.924","59.8","1.485","4802","18.605","12.463","6.365","0.223","12.240","10.401","4.286","6.216","0.10035","4.186","2014-02-04 22:04:57","CYL5342031","56222101",""
"349","U1431","D","12","H","1","W","69.0","98.890","98.890","C","54.5","35.3","1.606","1.040","2.327","55.3","1.238","4803","18.587","12.263","6.553","0.229","12.034","11.570","5.274","6.400","0.10332","5.171","2014-02-04 22:05:03","CYL5342881","56222111",""
"349","U1431","D","12","H","2","W","86.0","100.560","100.560","C","64.6","39.2","1.648","1.002","2.718","63.1","1.714","4804","17.819","11.073","6.991","0.245","10.828","10.811","4.094","6.827","0.11021","3.984","2014-02-04 22:05:09","CYL5342891","56222121",""
"349","U1431","D","12","H","3","W","70.0","101.900","101.900","C","53.5","34.8","1.581","1.030","2.228","53.8","1.163","4933","18.649","12.379","6.497","0.227","12.152","11.799","5.556","6.345","0.10244","5.454","2014-02-04 22:05:17","CYL5342901","56222131",""
"349","U1431","D","12","H","4","W","70.0","103.400","103.400","C","39.4","28.3","1.883","1.351","2.815","52.0","1.083","4934","20.008","14.549","5.657","0.198","14.351","10.623","5.188","5.524","0.08919","5.099","2014-02-04 23:48:50","CYL5342911","56225901",""
"349","U1431","D","12","H","5","W","71.0","104.910","104.910","C","45.8","31.4","1.831","1.256","2.866","56.2","1.282","4935","19.640","13.687","6.169","0.216","13.471","10.724","4.797","6.024","0.09726","4.700","2014-02-04 23:48:56","CYL5342921","56225911",""
"349","U1431","D","12","H","6","W","33.0","106.030","106.030","C","49.2","33.0","1.787","1.197","2.822","57.6","1.357","4936","18.125","12.355","5.979","0.209","12.146","10.143","4.398","5.839","0.09427","4.304","2014-02-04 23:49:01","CYL5342931","56225921",""
"349","U1431","D","12","H","7","W","27.0","107.280","107.280","C","49.9","33.3","1.736","1.158","2.659","56.4","1.296","4937","18.563","12.599","6.180","0.216","12.383","10.692","4.754","6.035","0.09744","4.657","2014-02-04 23:49:06","CYL5342941","56225931",""
"349","U1431","D","13","H","1","W","75.0","108.450","108.450","C","58.7","37.0","1.706","1.075","2.802","61.6","1.606","4925","16.932","10.889","6.262","0.219","10.670","9.923","3.906","6.115","0.09873","3.807","2014-02-04 23:48:43","CYL5344771","56225891",""
"349","U1431","D","13","H","2","W","76.0","109.960","109.960","C","46.9","31.9","1.810","1.232","2.828","56.4","1.296","4926","18.798","13.004","6.004","0.210","12.794","10.388","4.619","5.863","0.09466","4.524","2014-02-05 00:15:18","CYL5344781","56226401",""
"349","U1431","D","13","H","3","W","69.0","111.390","111.390","C","58.7","37.0","1.718","1.082","2.853","62.1","1.636","4927","19.964","12.835","7.388","0.259","12.576","11.623","4.525","7.214","0.11647","4.409","2014-02-05 00:16:00","CYL5344791","56226411",""
"349","U1431","D","13","H","4","W","76.0","112.960","112.960","C","46.3","31.6","1.815","1.241","2.825","56.1","1.276","4928","20.021","13.910","6.333","0.222","13.688","11.029","4.945","6.184","0.09984","4.845","2014-02-05 00:16:06","CYL5344801","56226431",""
"349","U1431","D","13","H","5","W","81.0","114.510","114.510","C","49.4","33.1","1.729","1.157","2.619","55.8","1.263","4938","15.337","10.445","5.069","0.177","10.268","8.871","4.000","4.951","0.07992","3.920","2014-02-05 00:16:11","CYL5344811","56226441",""
"349","U1431","D","13","H","6","W","43.0","115.630","115.630","C","53.7","34.9","1.752","1.140","2.833","59.8","1.485","4940","17.537","11.627","6.124","0.214","11.413","10.009","4.125","5.981","0.09656","4.028","2014-02-05 00:16:16","CYL5344821","56226451",""
"349","U1431","D","13","H","7","W","32.0","116.520","116.520","C","47.6","32.2","1.803","1.222","2.827","56.8","1.313","4939","19.644","13.533","6.333","0.222","13.311","10.893","4.809","6.184","0.09984","4.709","2014-02-05 06:48:33","CYL5344831","56254681",""
"349","U1431","D","14","H","1","W","75.0","117.950","117.948","C","31.5","23.9","1.822","1.385","2.413","42.6","0.742","4931","18.159","13.963","4.348","0.152","13.811","9.969","5.791","4.246","0.06855","5.722","2014-02-05 06:48:21","CYL5347211","56254661",""
"349","U1431","D","14","H","2","W","76.0","119.460","119.454","C","52.2","34.3","1.775","1.166","2.876","59.5","1.468","4917","19.181","12.829","6.582","0.230","12.599","10.808","4.484","6.428","0.10378","4.380","2014-02-05 06:48:06","CYL5347221","56254641",""
"349","U1431","D","14","H","3","W","74.0","120.940","120.931","C","51.4","33.9","1.777","1.174","2.855","58.9","1.432","4932","19.401","13.049","6.582","0.230","12.819","10.917","4.593","6.428","0.10378","4.489","2014-02-05 06:48:27","CYL5347231","56254671",""
"349","U1431","D","14","H","4","W","75.0","122.450","122.437","C","47.1","32.0","1.819","1.237","2.866","56.8","1.317","4930","18.720","12.939","5.991","0.210","12.729","10.292","4.536","5.850","0.09445","4.442","2014-02-05 06:48:14","CYL5347241","56254651",""
"349","U1431","D","14","H","5","W","75.0","123.950","123.934","C","42.7","29.9","1.824","1.279","2.737","53.3","1.140","4929","20.169","14.348","6.032","0.211","14.137","11.057","5.261","5.891","0.09510","5.166","2014-02-05 07:18:43","CYL5347251","56258001",""
"349","U1431","D","14","H","6","W","32.0","125.020","125.001","C","66.4","39.9","1.680","1.010","2.922","65.5","1.895","4918","19.650","12.084","7.840","0.274","11.810","11.698","4.165","7.657","0.12361","4.041","2014-02-05 07:17:44","CYL5347261","56257961",""
"349","U1431","D","15","H","1","W","68.0","126.180","126.162","C","44.4","30.8","1.880","1.302","2.992","56.5","1.299","4919","12.306","8.652","3.787","0.133","8.519","6.545","2.907","3.698","0.05970","2.847","2014-02-05 07:18:01","CYL5347271","56257971",""
"349","U1431","D","15","H","2","W","72.0","127.720","127.661","C","62.3","38.4","1.662","1.024","2.714","62.3","1.650","4922","10.840","6.826","4.160","0.146","6.680","6.524","2.527","4.062","0.06558","2.461","2014-02-05 07:18:27","CYL5347281","56257991",""
"349","U1431","D","15","H","3","W","72.0","129.220","129.121","C","51.7","34.1","1.762","1.162","2.810","58.7","1.419","4921","14.181","9.517","4.833","0.169","9.348","8.047","3.403","4.720","0.07620","3.327","2014-02-05 07:18:14","CYL5347291","56257981",""
"349","U1431","D","15","H","4","W","72.0","130.720","130.581","C","34.8","25.8","1.910","1.417","2.730","48.1","0.927","4920","16.188","12.158","4.176","0.146","12.012","8.477","4.465","4.078","0.06584","4.399","2014-02-05 12:00:34","CYL5347301","56270581",""
"349","U1431","D","15","H","5","W","72.0","132.220","132.041","C","43.6","30.4","1.908","1.328","3.060","56.6","1.304","4923","17.337","12.255","5.266","0.184","12.071","9.088","4.028","5.143","0.08303","3.945","2014-02-05 12:00:42","CYL5347311","56270861",""
"349","U1431","D","15","H","6","W","70.0","133.700","133.481","C","44.5","30.8","1.832","1.268","2.824","55.1","1.226","4924","11.785","8.284","3.628","0.127","8.157","6.432","2.946","3.543","0.05720","2.889","2014-02-05 12:00:49","CYL5347321","56271011",""
"349","U1431","D","15","H","7","W","28.0","134.780","134.534","C","43.6","30.4","1.813","1.262","2.733","53.8","1.165","4909","15.185","10.733","4.613","0.161","10.572","8.374","3.941","4.505","0.07274","3.868","2014-02-05 12:01:01","CYL5347331","56271251",""
"349","U1431","D","16","H","1","W","68.0","135.680","135.680","C","40.0","28.6","1.875","1.339","2.808","52.3","1.096","4916","18.586","13.463","5.309","0.186","13.277","9.913","4.812","5.184","0.08370","4.728","2014-02-05 12:00:54","CYL5348731","56271131",""
"349","U1431","D","16","H","2","W","103.0","137.530","137.530","C","52.5","34.4","1.764","1.157","2.845","59.3","1.460","4915","17.175","11.467","5.915","0.207","11.260","9.734","4.051","5.776","0.09325","3.958","2014-02-05 12:55:49","CYL5348741","56298591",""
"349","U1431","D","16","H","3","W","75.0","138.650","138.650","C","42.6","29.9","1.929","1.353","3.094","56.3","1.286","4914","15.358","10.933","4.585","0.160","10.773","7.960","3.554","4.478","0.07229","3.482","2014-02-05 12:55:44","CYL5348791","56298581",""
"349","U1431","D","16","H","4","W","75.0","140.000","140.000","C","46.1","31.5","1.817","1.244","2.826","56.0","1.272","4913","11.913","8.287","3.758","0.132","8.155","6.555","2.945","3.669","0.05924","2.886","2014-02-05 12:55:38","CYL5348801","56298571",""
"349","U1431","D","16","H","5","W","73.0","141.480","141.480","C","35.5","26.2","1.889","1.394","2.700","48.4","0.937","4912","9.243","6.904","2.424","0.085","6.819","4.893","2.564","2.367","0.03821","2.526","2014-02-05 12:55:32","CYL5348811","56298561",""
"349","U1431","D","16","H","6","W","45.0","142.700","142.700","C","44.1","30.6","1.834","1.272","2.818","54.8","1.215","4911","10.697","7.536","3.276","0.115","7.421","5.832","2.685","3.199","0.05164","2.633","2014-02-05 12:55:26","CYL5348821","56298551",""
"349","U1431","D","16","H","7","W","45.0","143.710","143.710","C","47.8","32.3","1.763","1.193","2.692","55.7","1.256","4910","16.343","11.243","5.285","0.185","11.058","9.269","4.191","5.161","0.08332","4.108","2014-02-05 14:48:19","CYL5348831","56309031",""
"349","U1431","D","17","H","2","W","80.0","145.450","145.449","C","55.4","35.7","1.756","1.130","2.908","61.1","1.574","4901","12.108","7.942","4.317","0.151","7.791","6.895","2.747","4.216","0.06806","2.679","2014-02-05 14:47:53","CYL5350531","56308981",""
"349","U1431","D","17","H","4","W","76.0","148.410","148.405","C","41.6","29.4","1.855","1.311","2.800","53.2","1.136","4902","14.802","10.609","4.345","0.152","10.457","7.978","3.803","4.243","0.06850","3.734","2014-02-05 14:47:59","CYL5350541","56309001",""
"349","U1431","D","17","H","6","W","76.0","151.410","151.402","C","60.7","37.8","1.666","1.036","2.689","61.5","1.595","4903","7.756","4.928","2.931","0.103","4.825","4.657","1.841","2.862","0.04620","1.795","2014-02-05 14:48:05","CYL5350551","56309011",""
"349","U1431","D","18","H","2","W","52.0","155.590","155.574","C","35.5","26.2","1.923","1.420","2.794","49.2","0.968","4904","15.044","11.242","3.940","0.138","11.104","7.822","4.037","3.848","0.06212","3.975","2014-02-05 14:48:12","CYL5351531","56309021",""
"349","U1431","D","18","H","4","W","62.0","157.490","157.458","C","49.4","33.1","1.739","1.164","2.656","56.2","1.281","4905","8.459","5.760","2.797","0.098","5.662","4.863","2.176","2.731","0.04410","2.132","2014-02-05 17:45:03","CYL5351541","56331071",""
"349","U1431","D","19","H","2","W","71.0","164.210","164.210","C","40.1","28.6","1.894","1.352","2.872","52.9","1.123","4907","13.195","9.553","3.774","0.132","9.421","6.966","3.340","3.686","0.05950","3.280","2014-02-05 17:45:09","CYL5351641","56331081",""
"349","U1431","D","19","H","4","W","71.0","167.210","167.210","C","40.8","29.0","1.875","1.332","2.838","53.1","1.131","4908","11.247","8.101","3.260","0.114","7.987","5.998","2.866","3.184","0.05140","2.815","2014-02-05 17:45:14","CYL5351651","56331091",""
"349","U1431","D","20","X","2","W","88.0","171.280","171.280","C","50.2","33.4","1.759","1.171","2.752","57.4","1.350","4893","16.855","11.417","5.635","0.197","11.220","9.580","4.166","5.503","0.08884","4.077","2014-02-05 17:44:46","CYL5352421","56331051",""
"349","U1431","D","20","X","4","W","47.0","173.870","173.870","C","48.4","32.6","1.778","1.198","2.764","56.6","1.307","4894","16.767","11.489","5.469","0.191","11.298","9.429","4.174","5.341","0.08623","4.088","2014-02-05 17:44:57","CYL5352431","56331061",""
"349","U1431","D","20","X","6","W","37.0","176.770","176.770","C","49.2","33.0","1.771","1.187","2.763","57.0","1.328","4895","16.024","10.925","5.284","0.185","10.740","9.047","3.970","5.160","0.08331","3.887","2014-02-05 21:12:43","CYL5352441","56353251",""
"349","U1431","D","21","X","2","W","67.0","180.670","180.615","C","52.9","34.6","1.762","1.152","2.849","59.6","1.473","4896","15.583","10.378","5.394","0.189","10.189","8.843","3.661","5.267","0.08504","3.576","2014-02-05 21:12:49","CYL5353121","56353261",""
"349","U1431","D","21","X","4","W","60.0","183.600","183.471","C","45.4","31.2","1.819","1.251","2.808","55.4","1.244","4897","17.223","12.037","5.374","0.188","11.849","9.468","4.305","5.248","0.08473","4.220","2014-02-05 21:12:55","CYL5353131","56353271",""
"349","U1431","D","21","X","6","W","48.0","186.480","186.278","C","43.5","30.3","1.829","1.274","2.780","54.2","1.182","4898","15.102","10.682","4.580","0.160","10.522","8.258","3.857","4.473","0.07221","3.785","2014-02-05 21:13:01","CYL5353141","56353281",""
"349","U1431","D","22","X","1","W","6.0","188.160","188.159","C","48.7","32.8","1.831","1.231","2.971","58.6","1.415","4887","16.209","11.083","5.312","0.186","10.897","8.855","3.751","5.187","0.08375","3.667","2014-02-06 00:51:38","CYL5354351","56365751",""
"349","U1431","D","22","X","2","W","71.0","190.310","190.267","C","50.6","33.6","1.778","1.181","2.834","58.3","1.399","4885","14.553","9.837","4.887","0.171","9.666","8.183","3.488","4.773","0.07705","3.411","2014-02-05 21:12:37","CYL5354311","56353241",""
"349","U1431","D","22","X","4","W","80.0","193.400","193.297","C","58.0","36.7","1.685","1.066","2.693","60.4","1.525","4886","14.131","9.125","5.188","0.182","8.943","8.387","3.403","5.066","0.08179","3.321","2014-02-06 00:51:29","CYL5354321","56365741",""
"349","U1431","D","22","X","5","W","77.0","194.870","194.739","C","49.2","33.0","1.818","1.219","2.937","58.5","1.410","4899","12.004","8.186","3.956","0.138","8.048","6.603","2.802","3.864","0.06238","2.740","2014-02-06 00:51:50","CYL5354331","56365771",""
"349","U1431","D","22","X","5","W","120.0","195.300","195.161","C","47.6","32.2","1.802","1.221","2.823","56.7","1.312","4888","14.074","9.695","4.538","0.159","9.536","7.810","3.450","4.431","0.07154","3.378","2014-02-06 00:51:43","CYL5354361","56365761",""
"349","U1431","D","22","X","6","W","111.0","196.710","196.542","C","37.3","27.2","1.853","1.350","2.655","49.2","0.967","4900","18.991","14.012","5.160","0.181","13.831","10.247","5.290","5.039","0.08134","5.209","2014-02-06 00:51:58","CYL5354341","56365781",""
"349","U1431","D","23","X","2","W","75.0","198.760","198.727","C","47.1","32.0","1.774","1.206","2.710","55.5","1.248","4889","15.969","11.032","5.116","0.179","10.853","9.000","4.085","4.996","0.08066","4.004","2014-02-06 05:48:08","CYL5355421","56380631",""
"349","U1431","D","23","X","4","W","62.0","201.630","201.507","C","46.4","31.7","1.816","1.240","2.833","56.2","1.285","4890","15.952","11.070","5.059","0.177","10.893","8.786","3.925","4.940","0.07976","3.845","2014-02-06 05:48:14","CYL5355431","56380641",""
"349","U1431","D","23","X","6","W","66.0","204.670","204.451","C","49.2","33.0","1.780","1.193","2.796","57.3","1.344","4891","14.574","9.936","4.806","0.168","9.768","8.187","3.569","4.694","0.07577","3.493","2014-02-06 05:48:20","CYL5355441","56380711",""
"349","U1431","D","23","X","8","W","20.0","206.820","206.535","C","39.4","28.3","1.973","1.416","3.109","54.5","1.196","4892","16.869","12.269","4.767","0.167","12.102","8.548","3.968","4.655","0.07515","3.893","2014-02-06 05:48:25","CYL5355451","56380811",""
"349","U1431","D","24","X","2","W","68.0","209.480","209.431","C","40.6","28.9","1.881","1.338","2.848","53.0","1.128","4877","15.811","11.408","4.563","0.160","11.248","8.405","4.021","4.456","0.07193","3.949","2014-02-06 05:48:00","CYL5356591","56380621",""
"349","U1431","D","24","X","4","W","68.0","212.480","212.364","C","45.7","31.4","1.769","1.214","2.652","54.2","1.184","4878","13.128","9.153","4.119","0.144","9.009","7.420","3.462","4.023","0.06494","3.397","2014-02-06 08:43:24","CYL5356601","56388711",""
"349","U1431","D","24","X","6","W","75.0","215.550","215.365","C","45.3","31.2","1.823","1.255","2.822","55.5","1.249","4879","13.572","9.487","4.233","0.148","9.339","7.443","3.376","4.134","0.06674","3.309","2014-02-06 08:44:34","CYL5356611","56388721",""
"349","U1431","D","25","X","2","W","74.0","219.140","219.113","C","41.4","29.3","1.831","1.295","2.718","52.4","1.099","4880","13.877","9.955","4.064","0.142","9.813","7.579","3.674","3.969","0.06408","3.610","2014-02-06 08:44:40","CYL5357251","56388731",""
"349","U1431","D","25","X","4","W","74.0","222.140","222.076","C","39.4","28.2","1.938","1.391","2.987","53.4","1.148","4881","9.625","7.002","2.718","0.095","6.907","4.967","2.355","2.654","0.04285","2.312","2014-02-06 08:44:46","CYL5357261","56388741",""
"349","U1431","D","25","X","6","W","72.0","225.120","225.019","C","40.5","28.8","1.864","1.327","2.791","52.5","1.103","4882","13.584","9.807","3.914","0.137","9.670","7.287","3.526","3.822","0.06171","3.464","2014-02-06 08:44:51","CYL5357271","56388751",""
"349","U1431","D","27","X","2","W","72.0","238.320","238.270","C","43.9","30.5","1.860","1.292","2.900","55.4","1.244","4883","9.276","6.544","2.831","0.099","6.445","4.987","2.267","2.765","0.04463","2.222","2014-02-06 13:47:08","CYL5358501","56408491",""
"349","U1431","D","27","X","4","W","73.0","241.330","241.213","C","49.5","33.1","1.785","1.194","2.823","57.7","1.365","4876","11.006","7.489","3.645","0.128","7.361","6.167","2.665","3.559","0.05746","2.608","2014-02-06 13:46:58","CYL5358511","56408401",""
"349","U1431","D","27","X","6","W","74.0","244.340","244.155","C","45.4","31.2","1.789","1.231","2.707","54.5","1.199","4884","14.666","10.250","4.576","0.160","10.090","8.196","3.799","4.469","0.07215","3.727","2014-02-06 13:47:21","CYL5358521","56408721",""
"349","U1431","D","28","X","2","W","66.0","247.860","247.853","C","52.6","34.5","1.789","1.173","2.950","60.2","1.516","4875","14.707","9.814","5.070","0.177","9.637","8.219","3.347","4.952","0.07994","3.267","2014-02-06 13:46:50","CYL5358751","56408391",""
"349","U1431","D","28","X","4","W","57.0","250.770","250.754","C","35.1","26.0","1.938","1.435","2.821","49.1","0.966","4874","11.443","8.576","2.971","0.104","8.472","5.905","3.050","2.901","0.04684","3.003","2014-02-06 13:46:40","CYL5358761","56408381",""
"349","U1431","D","28","X","6","W","63.0","253.830","253.805","C","47.5","32.2","1.814","1.230","2.861","57.0","1.326","4873","14.654","10.102","4.717","0.165","9.937","8.080","3.548","4.607","0.07437","3.474","2014-02-06 16:06:33","CYL5358771","56420651",""
"349","U1431","D","29","X","2","W","58.0","257.480","257.447","C","38.4","27.8","1.893","1.367","2.808","51.3","1.054","4869","16.804","12.302","4.665","0.163","12.139","8.878","4.396","4.556","0.07355","4.322","2014-02-06 16:06:11","CYL5360401","56420621",""
"349","U1431","D","29","X","4","W","63.0","260.530","260.447","C","40.5","28.8","1.843","1.311","2.726","51.9","1.079","4870","17.497","12.627","5.047","0.177","12.450","9.495","4.646","4.928","0.07956","4.566","2014-02-06 16:06:17","CYL5360411","56420631",""
"349","U1431","D","29","X","6","W","76.0","263.410","263.281","C","42.4","29.8","1.879","1.320","2.907","54.6","1.202","4871","17.216","12.273","5.122","0.179","12.094","9.162","4.241","5.002","0.08076","4.160","2014-02-06 16:06:23","CYL5360421","56420641",""
"349","U1431","D","30","X","1","W","32.0","265.420","265.420","C","36.6","26.8","1.920","1.405","2.826","50.3","1.011","6201","15.166","11.242","4.066","0.142","11.100","7.899","3.992","3.971","0.06411","3.928","2014-02-06 20:05:01","CYL5360851","56430611",""
"349","U1431","D","30","X","3","W","87.0","268.970","268.970","C","37.8","27.4","1.910","1.386","2.838","51.2","1.048","6210","15.513","11.405","4.257","0.149","11.256","8.123","4.033","4.157","0.06711","3.966","2014-02-06 20:05:17","CYL5360861","56430621",""
"349","U1431","D","31","X","1","W","56.0","275.360","275.351","C","42.7","29.9","1.828","1.281","2.751","53.4","1.148","6174","15.173","10.789","4.543","0.159","10.630","8.301","3.936","4.437","0.07162","3.864","2014-02-06 19:14:32","CYL5361331","56430481",""
"349","U1431","D","31","X","3","W","54.0","278.340","278.286","C","42.4","29.8","1.895","1.331","2.961","55.1","1.226","6183","10.605","7.559","3.156","0.110","7.449","5.598","2.565","3.082","0.04976","2.515","2014-02-06 19:16:19","CYL5361341","56430491",""
"349","U1431","D","31","X","5","W","67.0","281.470","281.369","C","39.4","28.3","1.884","1.351","2.814","52.0","1.082","6192","16.459","11.971","4.651","0.163","11.808","8.738","4.270","4.542","0.07332","4.197","2014-02-06 20:04:34","CYL5361351","56430581",""
"349","U1431","D","32","X","1","W","38.0","284.880","284.880","C","38.6","27.8","1.894","1.367","2.818","51.5","1.062","6193","14.762","10.795","4.111","0.144","10.651","7.794","3.844","4.015","0.06481","3.779","2014-02-07 01:36:46","CYL5362361","56457121",""
"349","U1431","D","32","X","2","W","55.0","286.550","286.550","C","42.4","29.8","1.843","1.294","2.791","53.6","1.156","6202","15.580","11.102","4.640","0.162","10.940","8.451","3.993","4.532","0.07316","3.920","2014-02-07 01:37:03","CYL5362371","56457131",""
"349","U1431","D","32","X","3","W","37.0","287.870","287.870","C","37.4","27.2","1.881","1.369","2.738","50.0","1.000","6211","15.660","11.548","4.261","0.149","11.399","8.324","4.230","4.161","0.06718","4.163","2014-02-07 01:37:40","CYL5362381","56457141",""
"349","U1431","D","32","X","4","W","72.0","289.720","289.720","C","42.5","29.8","1.904","1.336","3.001","55.5","1.246","6147","13.668","9.734","4.077","0.143","9.591","7.177","3.260","3.981","0.06427","3.196","2014-02-07 01:35:55","CYL5362391","56457101",""
"349","U1431","D","32","X","5","W","78.0","291.280","291.280","C","35.9","26.4","1.930","1.420","2.826","49.7","0.989","6156","14.866","11.080","3.923","0.137","10.943","7.704","3.934","3.831","0.06185","3.872","2014-02-07 01:36:21","CYL5362401","56457111",""
"349","U1431","D","32","X","6","W","53.0","292.530","292.530","C","39.6","28.4","1.883","1.349","2.818","52.1","1.089","6165","14.756","10.718","4.184","0.146","10.572","7.837","3.817","4.086","0.06597","3.751","2014-02-07 09:58:03","CYL5362411","56478471",""
"349","U1431","D","33","X","1","W","82.0","295.020","295.020","C","40.2","28.7","1.871","1.334","2.804","52.4","1.102","4872","11.616","8.400","3.333","0.117","8.283","6.209","3.007","3.255","0.05254","2.954","2014-02-07 09:58:41","CYL5362791","56478481",""
"349","U1431","D","33","X","2","W","44.0","296.140","296.140","C","36.4","26.7","1.860","1.364","2.645","48.4","0.939","6148","8.089","6.008","2.156","0.075","5.933","4.349","2.277","2.106","0.03400","2.243","2014-02-07 09:58:48","CYL5362801","56478491",""
"349","U1431","D","33","X","3","W","69.0","297.890","297.890","C","35.3","26.1","1.995","1.474","2.999","50.8","1.034","6149","11.258","8.423","2.938","0.103","8.320","5.644","2.821","2.869","0.04632","2.775","2014-02-07 09:59:04","CYL5362811","56478501",""
"349","U1431","D","33","X","CC","W","10.0","298.240","298.240","C","38.6","27.9","1.901","1.371","2.839","51.7","1.071","6150","14.105","10.313","3.930","0.138","10.175","7.421","3.646","3.837","0.06195","3.584","2014-02-07 09:59:12","CYL5362821","56478511",""
"349","U1431","D","34","X","2","W","75.0","306.150","306.150","C","37.1","27.1","1.917","1.398","2.834","50.7","1.027","6153","17.461","12.900","4.726","0.165","12.735","9.109","4.568","4.616","0.07452","4.493","2014-02-07 14:37:34","CYL5363241","56491701",""
"349","U1431","D","34","X","4","W","72.0","309.120","309.120","C","32.4","24.5","1.984","1.498","2.847","47.4","0.900","6152","11.198","8.555","2.739","0.096","8.459","5.645","3.014","2.675","0.04318","2.971","2014-02-07 14:37:28","CYL5363251","56491691",""
"349","U1431","D","34","X","6","W","76.0","312.160","312.160","C","40.4","28.8","1.857","1.323","2.766","52.2","1.091","6151","15.033","10.859","4.325","0.151","10.708","8.095","3.939","4.224","0.06819","3.871","2014-02-07 14:37:22","CYL5363261","56491681",""
"349","U1431","D","35","X","2","W","86.0","315.960","315.960","C","32.6","24.6","1.996","1.505","2.889","47.9","0.919","6154","15.868","12.106","3.898","0.136","11.970","7.951","4.205","3.807","0.06146","4.144","2014-02-07 14:37:40","CYL5364331","56491771",""
"349","U1431","D","36","X","2","W","79.0","325.590","325.590","C","40.3","28.7","1.885","1.344","2.849","52.8","1.120","6164","5.769","4.171","1.656","0.058","4.113","3.061","1.470","1.617","0.02611","1.444","2014-02-07 14:37:46","CYL5364581","56491881",""
"349","U1431","D","36","X","4","W","59.0","328.390","328.390","C","54.0","35.1","1.747","1.135","2.825","59.8","1.489","6155","10.462","6.922","3.668","0.128","6.794","5.988","2.463","3.582","0.05784","2.405","2014-02-07 15:43:44","CYL5364591","56501261",""
"349","U1431","D","37","X","1","W","47.0","333.470","333.470","C","29.8","22.9","2.014","1.552","2.828","45.1","0.822","6163","8.474","6.598","1.944","0.068","6.530","4.208","2.340","1.898","0.03065","2.309","2014-02-07 15:44:18","CYL5364971","56501301",""
"349","U1431","D","38","X","2","W","75.0","344.950","344.950","C","30.9","23.6","1.980","1.512","2.782","45.7","0.840","6162","12.485","9.640","2.948","0.103","9.537","6.307","3.474","2.879","0.04648","3.428","2014-02-07 15:44:13","CYL5365261","56501291",""
"349","U1431","D","39","X","2","W","22.0","354.120","354.120","C","35.9","26.4","1.928","1.419","2.822","49.7","0.989","6157","16.453","12.262","4.343","0.152","12.110","8.532","4.359","4.241","0.06847","4.291","2014-02-07 15:43:51","CYL5365681","56501271",""
"349","U1431","D","39","X","4","W","48.0","357.380","357.380","C","38.5","27.8","1.893","1.367","2.813","51.4","1.059","6158","15.515","11.351","4.315","0.151","11.200","8.195","4.049","4.214","0.06803","3.981","2014-02-07 15:44:04","CYL5365691","56501281",""
"349","U1431","D","39","X","5","W","20.0","358.600","358.600","C","40.1","28.6","1.872","1.336","2.802","52.3","1.097","6159","15.034","10.883","4.302","0.151","10.732","8.031","3.898","4.201","0.06782","3.830","2014-02-07 18:34:38","CYL5365701","56528431",""
"349","U1431","D","39","X","6","W","48.0","360.380","360.380","C","37.7","27.4","1.909","1.387","2.831","51.0","1.041","6160","16.446","12.105","4.498","0.157","11.948","8.613","4.291","4.393","0.07092","4.220","2014-02-07 18:34:44","CYL5365711","56528441",""
"349","U1431","D","40","X","1","W","81.0","362.910","362.910","C","40.5","28.8","1.882","1.339","2.849","53.0","1.127","6161","11.251","8.121","3.244","0.114","8.007","5.978","2.862","3.168","0.05114","2.811","2014-02-07 18:34:50","CYL5366371","56528451",""
"349","U1431","D","40","X","CC","W","11.0","363.680","363.680","C","37.0","27.0","1.902","1.389","2.785","50.1","1.005","6166","15.372","11.369","4.148","0.145","11.224","8.082","4.096","4.051","0.06540","4.031","2014-02-07 18:34:56","CYL5366381","56528461",""
"349","U1431","D","41","X","1","W","99.0","372.790","372.459","C","36.0","26.5","1.935","1.423","2.845","50.0","0.999","6167","13.845","10.311","3.662","0.128","10.183","7.156","3.637","3.576","0.05774","3.579","2014-02-07 18:35:01","CYL5366391","56528471",""
"349","U1431","D","41","X","3","W","79.0","375.590","374.323","C","40.3","28.7","1.874","1.336","2.816","52.6","1.108","6168","14.703","10.627","4.224","0.148","10.479","7.846","3.788","4.125","0.06659","3.721","2014-02-07 21:05:54","CYL5366401","56532081",""
"349","U1431","D","42","X","1","W","45.0","376.950","376.811","C","34.8","25.8","1.947","1.445","2.836","49.1","0.963","6170","16.645","12.501","4.294","0.150","12.351","8.548","4.422","4.194","0.06770","4.354","2014-02-07 21:07:32","CYL5367121","56532101",""
"349","U1431","D","41","X","5","W","31.0","377.700","375.727","C","33.9","25.3","1.962","1.465","2.845","48.5","0.941","6169","14.806","11.190","3.747","0.131","11.059","7.546","3.946","3.659","0.05908","3.887","2014-02-07 21:06:50","CYL5366411","56532091",""
"349","U1431","D","42","X","3","W","94.0","380.440","379.224","C","31.9","24.2","1.974","1.497","2.804","46.6","0.873","6171","15.230","11.677","3.682","0.129","11.548","7.715","4.177","3.596","0.05805","4.119","2014-02-07 21:07:38","CYL5367131","56532111",""
"349","U1431","D","42","X","4","W","71.0","381.710","380.101","C","36.2","26.6","1.920","1.410","2.809","49.8","0.992","6172","14.576","10.840","3.872","0.136","10.705","7.592","3.872","3.781","0.06104","3.811","2014-02-07 21:07:43","CYL5367141","56532121",""
"349","U1431","D","42","X","5","W","66.0","383.160","381.103","C","33.1","24.9","1.942","1.459","2.763","47.2","0.894","6173","16.278","12.369","4.051","0.142","12.227","8.382","4.490","3.956","0.06386","4.426","2014-02-08 05:25:04","CYL5367151","56542071",""
"349","U1431","D","43","X","2","W","41.0","384.410","384.381","C","38.2","27.6","1.856","1.343","2.692","50.1","1.004","6175","17.411","12.768","4.811","0.168","12.600","9.379","4.756","4.699","0.07586","4.680","2014-02-08 05:25:11","CYL5367801","56542091",""
"349","U1431","D","43","X","4","W","81.0","387.810","387.730","C","33.4","25.1","2.035","1.525","3.039","49.8","0.992","6176","15.747","11.939","3.946","0.138","11.801","7.737","3.946","3.854","0.06221","3.884","2014-02-08 05:25:16","CYL5367811","56542101",""
"349","U1431","D","43","X","6","W","79.0","390.790","390.664","C","31.6","24.0","1.990","1.512","2.833","46.6","0.873","6177","15.303","11.760","3.672","0.129","11.632","7.692","4.164","3.585","0.05788","4.106","2014-02-08 05:25:22","CYL5367821","56542121",""
"349","U1431","D","44","X","2","W","76.0","394.460","394.460","C","36.8","26.9","1.928","1.409","2.855","50.6","1.026","6178","16.607","12.297","4.466","0.156","12.141","8.614","4.323","4.362","0.07042","4.253","2014-02-08 05:25:27","CYL5369061","56542141",""
"349","U1431","D","44","X","3","W","92.0","396.120","396.120","C","25.5","20.3","2.065","1.645","2.790","41.0","0.696","6179","15.822","12.715","3.220","0.113","12.602","7.661","4.568","3.144","0.05076","4.517","2014-02-08 07:06:10","CYL5369071","56547451",""
"349","U1431","D","44","X","4","W","108.0","397.780","397.780","C","32.6","24.6","1.929","1.455","2.710","46.3","0.862","6180","17.605","13.430","4.326","0.151","13.279","9.125","4.968","4.225","0.06821","4.900","2014-02-08 07:06:24","CYL5369081","56547461",""
"349","U1431","D","45","X","1","W","70.0","402.600","402.600","C","40.9","29.0","1.967","1.396","3.158","55.8","1.263","6181","11.469","8.254","3.332","0.117","8.137","5.830","2.629","3.254","0.05253","2.576","2014-02-08 07:06:48","CYL5369051","56547471",""
"349","U1431","D","46","X","2","W","77.0","413.870","413.870","C","33.3","25.0","1.969","1.476","2.843","48.1","0.926","6182","8.681","6.586","2.171","0.076","6.510","4.410","2.324","2.120","0.03423","2.290","2014-02-08 07:07:04","CYL5369281","56547481",""
"349","U1431","D","46","X","4","W","75.0","416.850","416.850","C","34.6","25.7","1.947","1.447","2.830","48.9","0.956","6184","13.077","9.833","3.362","0.118","9.715","6.716","3.486","3.283","0.05300","3.433","2014-02-08 07:07:14","CYL5369291","56547491",""
"349","U1431","D","47","X","2","W","73.0","423.530","423.503","C","34.8","25.8","1.958","1.453","2.869","49.4","0.974","6185","9.147","6.869","2.361","0.083","6.786","4.671","2.403","2.305","0.03722","2.366","2014-02-08 08:22:41","CYL5369771","56548851",""
"349","U1431","D","47","X","4","W","69.0","426.490","426.427","C","29.7","22.9","2.050","1.581","2.919","45.8","0.846","6186","10.514","8.192","2.406","0.084","8.108","5.128","2.816","2.350","0.03794","2.778","2014-02-08 08:22:52","CYL5369781","56548861",""
"349","U1431","D","47","X","6","W","69.0","429.490","429.390","C","30.0","23.1","1.916","1.474","2.595","43.2","0.761","6187","9.933","7.720","2.293","0.080","7.640","5.183","2.980","2.240","0.03616","2.944","2014-02-08 08:22:59","CYL5369791","56548871",""
"349","U1431","D","48","X","2","W","67.0","433.170","433.170","C","32.4","24.5","1.983","1.498","2.847","47.4","0.901","6188","8.701","6.646","2.130","0.075","6.571","4.388","2.342","2.080","0.03357","2.308","2014-02-08 08:23:04","CYL5370111","56548901",""
"349","U1431","D","52","X","1","W","35.0","470.150","470.150","C","30.6","23.4","2.029","1.553","2.900","46.5","0.868","6189","10.690","8.271","2.507","0.088","8.183","5.269","2.861","2.448","0.03952","2.821","2014-02-08 08:23:14","CYL5370121","56548911",""
"349","U1431","D","53","X","1","W","52.0","480.020","479.960","C","32.3","24.4","1.995","1.508","2.874","47.5","0.906","6190","12.775","9.767","3.117","0.109","9.658","6.404","3.409","3.044","0.04914","3.360","2014-02-08 15:07:11","CYL5371061","56560641",""
"349","U1431","D","53","X","3","W","65.0","482.500","482.153","C","31.6","24.0","2.018","1.533","2.911","47.3","0.899","6191","15.304","11.757","3.676","0.129","11.628","7.584","4.052","3.589","0.05795","3.994","2014-02-08 15:07:19","CYL5371071","56560651",""
"349","U1431","D","53","X","5","W","87.0","485.660","484.946","C","34.3","25.5","1.935","1.441","2.786","48.3","0.933","6194","15.222","11.470","3.888","0.136","11.334","7.866","4.130","3.797","0.06130","4.069","2014-02-08 15:07:26","CYL5371081","56560681",""
"349","U1431","D","53","X","7","W","72.0","488.510","487.466","C","37.5","27.3","1.938","1.409","2.911","51.6","1.066","6195","17.020","12.541","4.641","0.162","12.379","8.784","4.325","4.533","0.07318","4.252","2014-02-08 15:07:33","CYL5371091","56560691",""
"349","U1431","D","54","X","1","W","31.0","488.510","488.510","C","40.3","28.7","1.815","1.294","2.636","50.9","1.038","6203","11.715","8.467","3.366","0.118","8.349","6.454","3.220","3.287","0.05306","3.167","2014-02-08 22:12:44","CYL5371781","56620771",""
"349","U1431","D","54","X","1","W","53.0","488.730","488.730","C","48.4","32.6","1.832","1.234","2.962","58.3","1.400","6196","13.526","9.270","4.410","0.154","9.116","7.384","3.147","4.307","0.06953","3.077","2014-02-08 22:12:21","CYL5371791","56620731",""
"349","U1431","D","55","X","2","W","48.0","499.400","499.400","C","123.8","55.3","1.433","0.640","2.833","77.4","3.424","6197","9.342","4.356","5.167","0.181","4.175","6.519","1.555","5.046","0.08146","1.474","2014-02-08 22:12:27","CYL5371801","56620741",""
"349","U1431","D","60","X","1","W","22.0","546.620","546.620","C","40.4","28.8","1.906","1.357","2.921","53.5","1.152","6198","16.600","11.992","4.775","0.167","11.825","8.711","4.123","4.663","0.07528","4.048","2014-02-08 22:12:32","CYL5371891","56620751",""
"349","U1431","D","60","X","3","W","29.0","549.400","549.400","C","66.1","39.8","1.612","0.971","2.597","62.6","1.676","6199","8.924","5.498","3.550","0.124","5.374","5.536","2.125","3.467","0.05597","2.069","2014-02-08 22:12:38","CYL5371901","56620761",""
"349","U1431","D","60","X","5","W","74.0","552.860","552.860","C","33.3","25.0","1.820","1.365","2.455","44.4","0.798","6200","10.673","8.100","2.666","0.093","8.007","5.865","3.303","2.604","0.04204","3.261","2014-02-09 02:03:58","CYL5371911","56628261",""
"349","U1431","D","61","X","1","W","15.0","556.250","556.250","C","82.1","45.1","1.577","0.866","2.833","69.4","2.272","6204","10.617","5.997","4.788","0.168","5.829","6.733","2.133","4.675","0.07548","2.058","2014-02-09 02:04:05","CYL5371921","56628271",""
"349","U1431","E","7","R","1","W","37.0","603.670","603.670","C","53.7","35.0","1.701","1.106","2.639","58.1","1.385","0","19.318","12.801","6.753","0.236","12.565","11.357","4.868","6.595","0.10647","4.762","2014-02-11 23:23:38","CYL5390621","57265901",""
"349","U1431","E","7","R","1","W","124.0","604.540","604.540","C","40.9","29.0","1.839","1.305","2.724","52.1","1.087","0","21.578","15.537","6.260","0.219","15.318","11.736","5.721","6.113","0.09870","5.622","2014-02-11 23:23:45","CYL5390631","57265911",""
"349","U1431","E","8","R","1","W","83.0","613.830","613.830","C","33.4","25.0","1.896","1.421","2.648","46.3","0.863","0","22.963","17.418","5.746","0.201","17.217","12.113","6.592","5.611","0.09059","6.501","2014-02-11 23:23:51","CYL5390681","57265921",""
"349","U1431","E","8","R","1","W","123.0","614.230","614.230","C","32.4","24.5","1.901","1.436","2.633","45.5","0.833","0","24.415","18.648","5.976","0.209","18.439","12.840","7.098","5.836","0.09422","7.004","2014-02-11 23:45:54","CYL5390701","57272451",""
"349","U1431","E","8","R","2","W","123.0","615.650","615.650","C","41.6","29.4","1.784","1.260","2.581","51.2","1.049","0","19.060","13.657","5.599","0.196","13.461","10.682","5.303","5.468","0.08827","5.215","2014-02-11 23:46:00","CYL5390731","57272561",""
"349","U1431","E","8","R","4","W","7.0","617.150","617.150","C","36.7","26.9","1.910","1.397","2.800","50.1","1.004","0","24.927","18.466","6.695","0.234","18.232","13.050","6.617","6.538","0.10556","6.511","2014-02-11 23:23:57","CYL5390761","57265931",""
"349","U1431","E","8","R","4","W","100.0","618.080","618.080","C","55.5","35.7","1.679","1.079","2.604","58.5","1.412","0","20.011","13.116","7.145","0.250","12.866","11.919","5.054","6.978","0.11265","4.941","2014-02-11 23:46:06","CYL5390811","57272681",""
"349","U1431","E","9","R","1","W","91.0","623.610","623.610","C","50.7","33.6","1.703","1.130","2.564","55.9","1.268","0","20.774","14.034","6.984","0.244","13.790","12.199","5.488","6.821","0.11012","5.378","2014-02-11 23:46:11","CYL5391411","57272781",""
"349","U1431","E","9","R","3","W","33.0","625.860","625.860","C","49.6","33.2","1.731","1.157","2.634","56.1","1.275","0","19.453","13.230","6.449","0.226","13.004","11.235","5.039","6.298","0.10167","4.937","2014-02-11 23:46:17","CYL5391501","57272891",""
"349","U1431","E","9","R","4","W","119.0","628.220","628.220","C","52.3","34.4","1.679","1.102","2.523","56.3","1.290","0","20.422","13.651","7.017","0.246","13.405","12.166","5.424","6.852","0.11062","5.313","2014-02-11 23:24:02","CYL5391551","57265941",""
"349","U1431","E","11","R","1","W","113.0","643.230","643.230","C","42.9","30.0","1.707","1.194","2.391","50.1","1.003","0","21.376","15.180","6.421","0.225","14.955","12.524","6.355","6.270","0.10123","6.254","2014-02-13 04:46:41","CYL5400581","57558991",""
"349","U1431","E","11","R","2","W","11.0","643.470","643.470","C","41.0","29.1","1.827","1.296","2.694","51.9","1.079","0","21.612","15.547","6.285","0.220","15.327","11.828","5.789","6.138","0.09909","5.690","2014-02-13 04:46:48","CYL5400591","57559001",""
"349","U1431","E","11","R","2","W","130.0","644.660","644.660","C","50.7","33.7","1.697","1.126","2.545","55.8","1.261","0","22.254","15.025","7.491","0.262","14.763","13.117","5.919","7.316","0.11810","5.801","2014-02-13 04:46:58","CYL5400601","57559021",""
"349","U1431","E","12","R","1","W","30.0","652.100","652.100","C","35.0","25.9","1.830","1.355","2.526","46.4","0.864","0","23.871","17.895","6.193","0.217","17.678","13.047","7.097","6.048","0.09763","6.999","2014-02-13 04:47:04","CYL5400761","57559031",""
"349","U1431","E","12","R","3","W","47.0","655.070","655.070","C","48.0","32.4","1.720","1.162","2.553","54.5","1.196","0","21.532","14.794","6.982","0.244","14.550","12.518","5.809","6.819","0.11008","5.699","2014-02-13 04:47:10","CYL5400791","57559041",""
"349","U1431","E","12","R","5","W","7.0","657.130","657.130","C","41.5","29.3","1.788","1.263","2.591","51.2","1.051","0","21.066","15.100","6.182","0.216","14.884","11.782","5.842","6.037","0.09747","5.745","2014-02-13 05:20:29","CYL5400831","57560481",""
"349","U1431","E","12","R","6","W","73.0","659.100","659.100","C","26.6","21.0","1.886","1.490","2.429","38.6","0.630","0","24.784","19.765","5.201","0.182","19.583","13.142","8.145","5.079","0.08200","8.063","2014-02-13 05:20:35","CYL5401211","57560491",""
"349","U1431","E","12","R","7","W","16.0","659.470","659.470","C","41.0","29.1","1.812","1.285","2.645","51.4","1.058","0","23.815","17.137","6.920","0.242","16.895","13.145","6.496","6.758","0.10910","6.387","2014-02-13 05:20:40","CYL5401761","57560501",""
"349","U1431","E","12","R","7","W","87.0","660.180","660.180","C","26.8","21.2","1.853","1.461","2.367","38.3","0.620","0","21.697","17.266","4.592","0.161","17.105","11.711","7.299","4.484","0.07239","7.227","2014-02-13 05:20:46","CYL5401771","57560511",""
"349","U1431","E","12","R","7","W","94.0","660.250","660.250","C","64.4","39.2","1.639","0.997","2.675","62.7","1.682","0","20.554","12.784","8.052","0.282","12.502","12.537","4.801","7.863","0.12694","4.674","2014-02-13 05:20:51","CYL5401781","57560521",""
"349","U1431","E","15","R","1","W","112.0","682.020","682.020","C","41.6","29.4","1.719","1.214","2.398","49.4","0.975","0","22.807","16.337","6.705","0.235","16.102","13.264","6.822","6.548","0.10570","6.716","2014-02-14 03:41:29","CYL5411991","57618331",""
"349","U1431","E","15","R","2","W","14.0","682.390","682.390","C","45.6","31.3","1.696","1.165","2.418","51.8","1.076","0","22.556","15.742","7.061","0.247","15.495","13.303","6.519","6.896","0.11132","6.408","2014-02-14 03:41:24","CYL5411951","57618321",""
"349","U1431","E","15","R","2","W","56.0","682.810","682.810","C","46.7","31.8","1.672","1.140","2.372","51.9","1.081","0","21.344","14.791","6.791","0.238","14.553","12.766","6.242","6.632","0.10706","6.135","2014-02-14 03:41:35","CYL5412751","57618341",""
"349","U1431","E","15","R","2","W","120.0","683.450","683.450","C","50.4","33.5","1.700","1.130","2.547","55.6","1.254","0","21.090","14.268","7.069","0.247","14.021","12.408","5.616","6.904","0.11146","5.505","2014-02-17 23:33:31","CYL5412761","57784341",""
"349","U1431","E","15","R","3","W","31.0","683.880","683.880","C","52.9","34.6","1.696","1.109","2.597","57.3","1.342","0","20.670","13.767","7.153","0.250","13.517","12.191","5.318","6.986","0.11278","5.205","2014-02-14 03:41:40","CYL5412771","57618351",""
"349","U1431","E","15","R","4","W","58.0","685.040","685.040","C","43.1","30.1","1.710","1.195","2.403","50.3","1.011","0","22.563","16.008","6.793","0.238","15.770","13.196","6.670","6.634","0.10709","6.563","2014-02-14 03:41:17","CYL5411801","57618311",""
"349","U1431","E","15","R","4","W","72.0","685.180","685.180","C","48.0","32.5","1.691","1.142","2.462","53.6","1.155","0","22.456","15.424","7.287","0.255","15.169","13.278","6.277","7.116","0.11489","6.162","2014-02-14 03:59:16","CYL5411911","57618421",""
"349","U1431","E","16","R","1","W","123.0","691.830","691.735","C","42.1","29.6","1.711","1.204","2.384","49.5","0.980","0","20.877","14.908","6.185","0.216","14.692","12.202","6.259","6.041","0.09752","6.161","2014-02-14 03:59:09","CYL5411901","57618411",""
"349","U1431","E","16","R","2","W","102.0","693.090","692.898","C","39.8","28.5","1.748","1.250","2.432","48.6","0.945","0","23.755","17.230","6.762","0.237","16.993","13.591","7.094","6.603","0.10660","6.987","2014-02-14 03:59:21","CYL5412801","57618431",""
"349","U1431","E","16","R","3","W","55.0","694.000","693.738","C","38.1","27.6","1.790","1.296","2.504","48.2","0.932","0","23.207","17.029","6.402","0.224","16.805","12.963","6.812","6.252","0.10093","6.711","2014-02-14 03:59:26","CYL5412811","57618441",""
"349","U1431","E","16","R","3","W","124.0","694.690","694.374","C","41.0","29.1","1.772","1.257","2.529","50.3","1.013","0","22.761","16.373","6.620","0.232","16.141","12.846","6.486","6.465","0.10436","6.382","2014-02-17 23:32:54","CYL5411821","57784191",""
"349","U1431","E","16","R","4","W","5.0","694.840","694.513","C","41.0","29.1","1.799","1.276","2.607","51.1","1.043","0","22.855","16.446","6.641","0.232","16.214","12.704","6.323","6.486","0.10471","6.218","2014-02-17 23:33:21","CYL5411851","57784211",""
"349","U1431","E","16","R","4","W","120.0","695.990","695.574","C","35.8","26.4","1.805","1.329","2.484","46.5","0.870","0","21.143","15.759","5.579","0.195","15.564","11.714","6.353","5.449","0.08796","6.265","2014-02-17 23:33:13","CYL5411841","57784201",""
"349","U1431","E","16","R","5","W","17.0","696.370","695.925","C","40.1","28.6","1.758","1.254","2.467","49.2","0.967","0","22.334","16.162","6.396","0.224","15.938","12.706","6.561","6.246","0.10084","6.460","2014-02-18 01:16:03","CYL5412911","57785051",""
"349","U1431","E","16","R","6","W","5.0","697.710","697.162","C","29.9","23.0","1.856","1.428","2.452","41.8","0.717","0","23.710","18.437","5.464","0.191","18.246","12.778","7.528","5.336","0.08615","7.442","2014-02-19 15:04:58","CYL5412921","57822661",""
"349","U1431","E","16","R","6","W","140.0","699.060","698.408","C","45.2","31.1","1.722","1.186","2.489","52.4","1.099","0","22.597","15.806","7.037","0.246","15.560","13.123","6.362","6.872","0.11095","6.251","2014-02-19 15:05:06","CYL5412931","57822671",""
"349","U1431","E","16","R","7","W","101.0","700.170","699.432","C","42.4","29.8","1.704","1.197","2.371","49.5","0.981","0","22.837","16.277","6.798","0.238","16.039","13.402","6.871","6.639","0.10717","6.764","2014-02-18 01:16:17","CYL5412941","57785061",""
"349","U1431","E","16","R","8","W","27.0","700.880","700.087","C","41.1","29.1","1.724","1.222","2.399","49.1","0.963","0","22.432","16.125","6.536","0.229","15.896","13.010","6.730","6.383","0.10304","6.627","2014-02-19 15:05:15","CYL5413751","57822681",""
"349","U1431","E","17","R","3","W","104.0","703.340","703.340","C","32.2","24.4","1.870","1.414","2.550","44.5","0.803","0","22.966","17.563","5.599","0.196","17.367","12.279","6.900","5.468","0.08827","6.812","2014-02-19 15:41:53","CYL5413881","57822771",""
"349","U1431","E","17","R","4","W","47.0","703.950","703.950","C","29.8","23.0","1.893","1.458","2.535","42.5","0.739","0","24.247","18.869","5.573","0.195","18.674","12.810","7.455","5.442","0.08786","7.367","2014-02-19 15:05:28","CYL5413851","57822701",""
"349","U1431","E","17","R","6","W","5.0","706.350","706.350","C","33.5","25.1","1.817","1.361","2.454","44.5","0.803","0","22.262","16.872","5.585","0.195","16.677","12.252","6.885","5.455","0.08806","6.797","2014-02-19 15:43:16","CYL5413991","57822811",""
"349","U1431","E","17","R","8","W","57.0","709.290","709.290","C","38.1","27.6","1.757","1.272","2.416","47.4","0.900","0","19.588","14.369","5.408","0.189","14.180","11.150","5.954","5.282","0.08527","5.869","2014-02-19 15:05:22","CYL5413771","57822691",""
"349","U1431","E","18","R","1","W","97.0","710.970","710.970","C","38.2","27.7","1.789","1.294","2.504","48.3","0.935","0","21.671","15.886","5.995","0.210","15.676","12.114","6.354","5.854","0.09451","6.259","2014-02-19 17:06:20","CYL5414051","57822941",""
"349","U1431","E","18","R","3","W","89.0","713.780","713.780","C","37.0","27.0","1.782","1.300","2.455","47.0","0.888","0","23.561","17.416","6.368","0.223","17.193","13.222","7.104","6.219","0.10039","7.004","2014-02-19 15:43:09","CYL5413951","57822801",""
"349","U1431","E","19","R","2","W","11.0","721.030","721.030","C","35.8","26.3","1.800","1.326","2.469","46.3","0.862","0","23.753","17.714","6.258","0.219","17.495","13.198","7.185","6.111","0.09866","7.086","2014-02-17 23:33:37","CYL5412861","57784431",""
"349","U1431","E","19","R","2","W","35.0","721.270","721.270","C","36.3","26.6","1.801","1.322","2.485","46.8","0.880","0","23.392","17.386","6.224","0.218","17.168","12.988","7.008","6.078","0.09812","6.910","2014-02-18 01:15:46","CYL5412871","57785041",""
"349","U1431","E","19","R","3","W","80.0","723.060","723.060","C","45.3","31.2","1.702","1.171","2.432","51.8","1.076","0","22.130","15.469","6.903","0.242","15.227","13.003","6.371","6.741","0.10882","6.262","2014-02-19 15:42:56","CYL5413901","57822781",""
"349","U1431","E","19","R","4","W","118.0","724.710","724.710","C","37.0","27.0","1.796","1.310","2.491","47.4","0.901","0","22.732","16.803","6.144","0.215","16.588","12.659","6.756","6.000","0.09687","6.659","2014-02-19 15:43:03","CYL5413921","57822791",""
"349","U1431","E","19","R","5","W","18.0","725.000","725.000","C","35.1","26.0","1.791","1.326","2.430","45.4","0.832","0","22.752","17.051","5.908","0.207","16.844","12.701","7.025","5.769","0.09314","6.932","2014-02-16 04:48:24","CYL5413941","57747081",""
"349","U1431","E","20","R","1","W","32.0","729.720","729.720","C","38.5","27.8","1.706","1.231","2.296","46.4","0.864","0","20.723","15.159","5.766","0.202","14.957","12.146","6.606","5.631","0.09090","6.515","2014-02-15 05:01:56","CYL5418171","57665621",""
"349","U1431","E","20","R","1","W","41.0","729.810","729.810","C","24.3","19.5","1.753","1.411","2.120","33.5","0.503","0","21.929","17.793","4.286","0.150","17.643","12.506","8.388","4.186","0.06757","8.320","2014-02-15 05:02:04","CYL5418181","57665631",""
"349","U1431","E","20","R","2","W","3.0","730.580","730.580","C","45.2","31.1","1.668","1.149","2.330","50.7","1.028","0","22.106","15.470","6.877","0.241","15.229","13.251","6.644","6.716","0.10842","6.536","2014-02-15 05:02:11","CYL5418221","57665641",""
"349","U1431","E","20","R","3","W","4.0","731.840","731.840","C","18.7","15.7","1.994","1.681","2.423","30.6","0.442","0","22.814","19.351","3.589","0.126","19.225","11.440","7.992","3.504","0.05658","7.935","2014-02-15 05:02:16","CYL5418241","57665651",""
"349","U1431","E","20","R","4","W","55.0","733.640","733.640","C","63.1","38.7","1.612","0.989","2.528","60.9","1.556","0","22.354","14.012","8.645","0.303","13.709","13.866","5.560","8.442","0.13629","5.424","2014-02-15 05:02:22","CYL5418271","57665661",""
"349","U1431","E","20","R","5","W","89.0","735.140","735.140","C","48.7","32.8","1.678","1.128","2.435","53.7","1.159","0","21.721","14.854","7.116","0.249","14.605","12.947","6.110","6.949","0.11219","5.998","2014-02-15 06:06:42","CYL5418281","57668741",""
"349","U1431","E","21","R","1","W","80.0","739.900","739.900","C","47.9","32.4","1.746","1.181","2.637","55.2","1.233","0","21.763","14.962","7.048","0.247","14.715","12.463","5.692","6.882","0.11111","5.581","2014-02-15 06:06:47","CYL5418291","57668751",""
"349","U1431","E","21","R","2","W","14.0","740.700","740.700","C","43.3","30.2","1.747","1.220","2.516","51.5","1.063","0","22.210","15.739","6.706","0.235","15.504","12.712","6.269","6.549","0.10572","6.163","2014-02-15 06:06:53","CYL5418301","57668761",""
"349","U1431","E","22","R","1","W","12.0","748.920","748.920","C","56.9","36.3","1.675","1.068","2.625","59.3","1.458","0","25.351","16.479","9.194","0.322","16.157","15.134","6.301","8.978","0.14495","6.156","2014-02-15 06:06:58","CYL5418311","57668771",""
"349","U1431","E","22","R","2","W","25.0","750.110","750.110","C","36.3","26.6","1.702","1.249","2.241","44.3","0.794","0","20.704","15.385","5.512","0.193","15.192","12.163","6.867","5.383","0.08690","6.780","2014-02-15 06:07:04","CYL5418401","57668781",""
"349","U1431","E","22","R","3","W","3.0","750.930","750.930","C","25.0","20.0","2.045","1.636","2.722","39.9","0.664","0","25.781","20.808","5.153","0.180","20.628","12.609","7.658","5.033","0.08125","7.577","2014-02-16 04:48:33","CYL5418431","57747091",""
"349","U1431","E","22","R","3","W","105.0","751.950","751.950","C","52.5","34.4","1.715","1.125","2.655","57.6","1.361","0","21.160","14.132","7.283","0.255","13.877","12.338","5.341","7.112","0.11482","5.226","2014-02-16 04:48:40","CYL5418441","57747101",""
"349","U1431","E","22","R","4","W","43.0","752.640","752.640","C","38.2","27.7","1.808","1.308","2.558","48.9","0.955","0","23.019","16.874","6.368","0.223","16.651","12.728","6.610","6.219","0.10039","6.510","2014-02-16 04:48:46","CYL5418451","57747111",""
"349","U1431","E","22","R","4","W","117.0","753.380","753.380","C","36.4","26.7","1.813","1.330","2.520","47.2","0.895","0","23.128","17.176","6.168","0.216","16.960","12.754","6.828","6.023","0.09724","6.731","2014-02-16 04:48:52","CYL5418461","57747121",""
"349","U1431","E","22","R","5","W","59.0","754.060","754.060","C","24.5","19.7","2.004","1.609","2.618","38.5","0.627","0","22.227","18.002","4.378","0.153","17.849","11.093","6.886","4.276","0.06903","6.817","2014-02-16 05:51:43","CYL5418471","57748361",""
"349","U1431","E","22","R","5","W","129.0","754.760","754.760","C","45.4","31.2","1.747","1.201","2.571","53.3","1.141","0","22.577","15.771","7.053","0.247","15.524","12.925","6.149","6.888","0.11119","6.038","2014-02-16 05:51:49","CYL5418511","57748371",""
"349","U1431","E","22","R","6","W","78.0","755.610","755.610","C","35.4","26.1","1.781","1.316","2.413","45.5","0.834","0","21.722","16.241","5.680","0.199","16.042","12.194","6.737","5.547","0.08955","6.647","2014-02-16 05:51:55","CYL5418551","57748381",""
"349","U1431","E","22","R","6","W","138.0","756.210","756.210","C","46.5","31.7","1.679","1.146","2.390","52.1","1.086","0","22.599","15.675","7.175","0.251","15.424","13.460","6.566","7.007","0.11312","6.453","2014-02-16 05:52:00","CYL5418561","57748391",""
"349","U1431","E","23","R","1","W","14.0","758.640","758.640","C","6.6","6.2","2.280","2.139","2.480","13.8","0.160","0","20.021","18.827","1.237","0.043","18.784","8.782","7.593","1.208","0.01951","7.573","2014-02-16 05:52:05","CYL5426781","57748401",""
"349","U1431","E","23","R","1","W","95.0","759.450","759.450","C","32.7","24.6","1.942","1.463","2.747","46.7","0.877","0","22.413","17.082","5.524","0.193","16.889","11.544","6.236","5.395","0.08710","6.149","2014-02-16 05:52:11","CYL5426791","57748411",""
"349","U1431","E","23","R","2","W","116.0","760.930","760.930","C","49.0","32.9","1.678","1.126","2.443","53.9","1.170","0","25.407","17.339","8.361","0.293","17.046","15.143","7.110","8.165","0.13181","6.978","2014-02-16 05:52:17","CYL5426831","57748421",""
"349","U1431","E","23","R","3","W","5.0","761.080","761.080","C","51.5","34.0","1.664","1.099","2.453","55.2","1.233","0","20.818","13.992","7.074","0.248","13.744","12.511","5.715","6.908","0.11152","5.603","2014-02-16 05:52:23","CYL5426851","57748431",""
"349","U1431","E","24","R","1","W","72.0","768.920","768.920","C","52.6","34.5","1.641","1.075","2.403","55.3","1.235","0","22.402","14.948","7.724","0.270","14.678","13.653","6.231","7.543","0.12178","6.109","2014-02-16 05:52:28","CYL5426871","57748441",""
"349","U1431","E","24","R","2","W","131.0","770.740","770.740","C","42.1","29.6","1.729","1.217","2.433","50.0","1.000","0","20.961","14.970","6.208","0.217","14.753","12.126","6.161","6.063","0.09788","6.063","2014-02-18 01:16:32","CYL5426911","57785071",""
"349","U1431","E","24","R","4","W","38.0","772.690","772.690","C","44.1","30.6","1.697","1.178","2.391","50.7","1.030","0","20.960","14.768","6.417","0.225","14.543","12.350","6.185","6.266","0.10116","6.084","2014-02-18 01:16:46","CYL5426951","57785081",""
"349","U1431","E","24","R","4","W","94.0","773.250","773.250","C","45.9","31.5","1.653","1.133","2.302","50.8","1.032","0","20.776","14.467","6.538","0.229","14.238","12.571","6.289","6.385","0.10307","6.186","2014-02-18 01:42:51","CYL5426961","57785161",""
"349","U1431","E","25","R","1","W","79.0","778.690","778.690","C","21.9","18.0","2.063","1.692","2.653","36.2","0.568","0","26.000","21.491","4.673","0.164","21.327","12.603","8.114","4.563","0.07367","8.040","2014-02-18 01:42:33","CYL5426971","57785141",""
"349","U1431","E","26","R","1","W","41.0","788.010","788.010","C","55.6","35.7","1.670","1.073","2.569","58.2","1.394","0","25.726","16.860","9.188","0.322","16.538","15.409","6.582","8.972","0.14485","6.437","2014-02-18 01:42:42","CYL5427021","57785151","CYL"
"349","U1431","E","26","R","2","W","113.0","790.000","790.000","C","41.1","29.1","1.822","1.291","2.681","51.8","1.077","0","21.006","15.100","6.120","0.214","14.886","11.528","5.648","5.977","0.09649","5.552","2014-02-19 17:42:30","CYL5427101","57823051",""
"349","U1431","E","26","R","3","W","42.0","790.660","790.660","C","14.5","12.7","2.209","1.929","2.656","27.4","0.377","0","28.832","25.301","3.659","0.128","25.173","13.052","9.536","3.573","0.05769","9.478","2014-02-19 17:59:34","CYL5427141","57823111",""
"349","U1431","E","26","R","3","W","53.0","790.770","790.770","C","49.5","33.1","1.730","1.157","2.629","56.0","1.272","0","26.570","18.075","8.803","0.308","17.767","15.356","6.898","8.597","0.13879","6.759","2014-02-18 01:42:59","CYL5427151","57785171",""
"349","U1431","E","27","R","1","W","135.0","798.650","798.604","C","37.0","27.0","1.813","1.324","2.537","47.8","0.916","0","23.461","17.349","6.334","0.222","17.127","12.937","6.852","6.185","0.09986","6.752","2014-02-19 17:59:40","CYL5427171","57823121",""
"349","U1431","E","27","R","2","W","24.0","798.970","798.914","C","43.0","30.1","1.736","1.213","2.476","51.0","1.041","0","21.801","15.471","6.560","0.230","15.241","12.561","6.259","6.406","0.10342","6.156","2014-02-19 17:59:45","CYL5427181","57823131",""
"349","U1431","E","27","R","2","W","68.0","799.410","799.339","C","50.8","33.7","1.730","1.148","2.663","56.9","1.321","0","22.343","15.082","7.524","0.263","14.819","12.912","5.683","7.348","0.11863","5.564","2014-02-19 17:08:00","CYL5427031","57822971","CYL"
"349","U1431","E","27","R","3","W","29.0","800.210","800.111","C","46.5","31.7","1.773","1.210","2.689","55.0","1.221","0","23.254","16.130","7.382","0.258","15.872","13.112","6.019","7.209","0.11639","5.903","2014-02-19 17:59:51","CYL5427191","57823141",""
"349","U1431","E","27","R","4","W","6.0","800.690","800.575","C","39.9","28.5","1.813","1.296","2.618","50.5","1.020","0","22.374","16.216","6.381","0.223","15.993","12.341","6.210","6.232","0.10061","6.109","2014-02-19 19:06:01","CYL5427321","57823331",""
"349","U1431","E","27","R","5","W","42.0","801.960","801.802","C","56.1","35.9","1.702","1.091","2.708","59.7","1.482","0","21.338","13.942","7.664","0.268","13.674","12.535","5.171","7.485","0.12083","5.050","2014-02-19 19:05:41","CYL5427231","57823321",""
"349","U1431","E","27","R","6","W","14.0","802.370","802.198","C","40.6","28.9","1.788","1.271","2.566","50.5","1.018","0","20.786","14.990","6.006","0.210","14.780","11.625","5.854","5.865","0.09469","5.759","2014-02-19 18:28:32","CYL5427251","57823251",""
"349","U1431","E","27","R","6","W","136.0","803.590","803.377","C","41.3","29.2","1.720","1.217","2.391","49.1","0.965","0","20.468","14.694","5.983","0.209","14.485","11.901","6.152","5.843","0.09433","6.058","2014-02-19 17:07:47","CYL5426991","57822951","CYL"
"349","U1431","E","27","R","7","W","41.0","804.140","803.908","C","34.4","25.6","1.808","1.346","2.455","45.2","0.824","0","21.835","16.444","5.587","0.196","16.248","12.075","6.707","5.456","0.08808","6.619","2014-02-19 18:27:38","CYL5427281","57823241",""
"349","U1431","E","27","R","8","W","9.0","805.110","804.845","C","36.3","26.6","1.793","1.315","2.466","46.7","0.875","0","21.450","15.934","5.716","0.200","15.734","11.962","6.470","5.582","0.09012","6.380","2014-02-19 17:08:05","CYL5427051","57822981",""
"349","U1431","E","27","R","8","W","97.0","805.990","805.695","C","46.8","31.9","1.715","1.168","2.507","53.4","1.146","0","21.665","14.999","6.908","0.242","14.757","12.632","5.995","6.746","0.10891","5.886","2014-02-19 18:24:46","CYL5427301","57823231",""
"349","U1431","E","27","R","9","W","9.0","806.380","806.072","C","41.4","29.3","1.768","1.250","2.528","50.5","1.022","0","19.607","14.068","5.740","0.201","13.867","11.090","5.575","5.605","0.09049","5.485","2014-02-19 17:07:54","CYL5427011","57822961","CYL"
"349","U1431","E","27","R","9","W","90.0","807.190","806.854","C","44.7","30.9","1.711","1.183","2.444","51.6","1.066","0","19.285","13.540","5.953","0.208","13.332","11.269","5.549","5.814","0.09386","5.455","2014-02-19 18:24:37","CYL5427311","57823221",""
"349","U1431","E","28","R","1","W","76.0","807.760","807.760","C","33.0","24.8","1.817","1.366","2.440","44.0","0.786","0","22.470","17.089","5.576","0.195","16.894","12.370","7.012","5.445","0.08791","6.924","2014-02-19 19:06:46","CYL5431281","57823341",""
"349","U1431","E","28","R","2","W","14.0","808.640","808.640","C","55.4","35.6","1.720","1.107","2.757","59.8","1.491","0","20.292","13.315","7.230","0.253","13.062","11.798","4.851","7.061","0.11399","4.737","2014-02-23 13:54:05","CYL5431331","58048381",""
"349","U1431","E","28","R","3","W","7.0","809.730","809.730","C","40.3","28.7","1.760","1.254","2.478","49.4","0.976","0","21.149","15.284","6.078","0.213","15.071","12.016","6.177","5.935","0.09582","6.081","2014-02-22 17:59:33","CYL5431351","57949261",""
"349","U1431","E","28","R","4","W","9.0","810.570","810.570","C","42.3","29.7","1.778","1.249","2.582","51.6","1.068","0","20.836","14.855","6.198","0.217","14.638","11.721","5.766","6.053","0.09772","5.668","2014-02-19 19:08:28","CYL5431401","57823351",""
"349","U1431","E","28","R","5","W","9.0","811.610","811.610","C","43.7","30.4","1.754","1.221","2.545","52.0","1.085","0","20.598","14.558","6.259","0.219","14.339","11.746","5.732","6.112","0.09868","5.633","2014-02-23 13:53:42","CYL5431161","58048371",""
"349","U1431","E","28","R","6","W","14.0","812.660","812.660","C","39.5","28.3","1.805","1.294","2.581","49.9","0.995","0","20.741","15.077","5.869","0.205","14.872","11.493","5.854","5.732","0.09254","5.761","2014-02-20 14:30:27","CYL5431151","57827021",""
"349","U1431","E","28","R","7","W","25.0","813.530","813.530","C","36.3","26.6","1.805","1.325","2.494","46.9","0.883","0","22.006","16.356","5.855","0.205","16.151","12.192","6.567","5.718","0.09231","6.475","2014-02-22 15:52:13","CYL5431141","57933021",""
"349","U1431","E","28","R","8","W","97.0","815.360","815.360","C","39.5","28.3","1.797","1.289","2.560","49.7","0.986","0","21.599","15.702","6.111","0.214","15.488","12.017","6.146","5.968","0.09634","6.050","2014-02-20 14:29:29","CYL5431101","57826421",""
"349","U1431","E","29","R","1","W","43.0","817.130","817.130","C","41.9","29.5","1.748","1.231","2.484","50.4","1.017","0","21.294","15.224","6.290","0.220","15.004","12.184","6.140","6.143","0.09917","6.041","2014-02-19 19:08:36","CYL5431461","57823361",""
"349","U1431","E","29","R","2","W","14.0","818.260","818.260","C","41.6","29.4","1.732","1.223","2.431","49.7","0.987","0","19.890","14.253","5.841","0.204","14.049","11.483","5.871","5.705","0.09210","5.779","2014-02-19 19:08:44","CYL5431501","57823371",""
"349","U1431","E","29","R","3","W","141.0","821.030","821.030","C","44.2","30.7","1.725","1.196","2.476","51.7","1.070","0","20.912","14.722","6.415","0.225","14.497","12.120","5.957","6.264","0.10113","5.856","2014-02-19 20:30:33","CYL5431511","57823621",""
"349","U1431","E","29","R","4","W","11.0","821.200","821.200","C","43.8","30.5","1.735","1.206","2.493","51.6","1.066","0","22.344","15.776","6.806","0.238","15.538","12.880","6.341","6.647","0.10731","6.234","2014-02-19 20:30:39","CYL5431541","57823631",""
"349","U1431","E","29","R","5","W","7.0","822.450","822.450","C","46.7","31.8","1.725","1.176","2.536","53.6","1.157","0","20.935","14.502","6.666","0.233","14.269","12.137","5.732","6.510","0.10510","5.627","2014-02-20 14:31:48","CYL5431191","57827031",""
"349","U1431","E","29","R","6","W","10.0","823.660","823.660","C","43.3","30.2","1.742","1.216","2.504","51.4","1.060","0","20.094","14.231","6.076","0.213","14.018","11.532","5.695","5.933","0.09579","5.599","2014-02-19 20:30:45","CYL5431561","57823641",""
"349","U1431","E","29","R","7","W","7.0","825.130","825.130","C","46.9","31.9","1.724","1.174","2.537","53.7","1.161","0","20.875","14.448","6.660","0.233","14.215","12.108","5.709","6.504","0.10500","5.604","2014-02-22 17:59:08","CYL5431301","57949241",""
"349","U1431","E","30","R","1","W","82.0","827.220","827.220","C","41.5","29.4","1.754","1.239","2.491","50.3","1.011","0","22.722","16.286","6.669","0.233","16.053","12.957","6.549","6.513","0.10515","6.444","2014-02-22 17:59:02","CYL5431241","57949231",""
"349","U1431","E","30","R","2","W","12.0","828.020","828.020","C","51.7","34.1","1.737","1.145","2.717","57.8","1.372","0","18.526","12.431","6.316","0.221","12.210","10.662","4.594","6.168","0.09958","4.494","2014-02-22 17:59:26","CYL5431341","57949251",""
"349","U1431","E","30","R","3","W","117.0","829.430","829.430","C","48.6","32.7","1.682","1.132","2.447","53.8","1.162","0","19.872","13.596","6.504","0.228","13.368","11.815","5.566","6.351","0.10253","5.463","2014-02-20 14:32:26","CYL5431441","57827051",""
"349","U1431","E","30","R","4","W","89.0","830.600","830.600","C","41.0","29.1","1.809","1.283","2.638","51.4","1.056","0","21.740","15.641","6.320","0.221","15.420","12.018","5.946","6.172","0.09964","5.846","2014-02-20 14:32:18","CYL5431371","57827041",""
"349","U1431","E","30","R","5","W","34.0","831.340","831.340","C","43.3","30.2","1.748","1.219","2.519","51.6","1.066","0","21.981","15.568","6.646","0.233","15.335","12.578","6.193","6.490","0.10477","6.088","2014-02-22 17:59:38","CYL5431391","57949271",""
"349","U1431","E","30","R","6","W","4.0","831.790","831.790","C","42.1","29.6","1.795","1.263","2.626","51.9","1.079","0","21.130","15.092","6.257","0.219","14.873","11.774","5.762","6.110","0.09865","5.663","2014-02-19 21:08:34","CYL5431771","57823791",""
"349","U1431","E","30","R","6","W","70.0","832.450","832.450","C","39.4","28.3","1.830","1.312","2.653","50.5","1.022","0","21.841","15.879","6.178","0.216","15.663","11.938","6.002","6.033","0.09740","5.905","2014-02-22 19:52:59","CYL5431781","57954011",""
"349","U1431","E","30","R","7","W","49.0","833.140","833.140","C","49.8","33.2","1.794","1.197","2.866","58.2","1.394","0","22.352","15.181","7.431","0.260","14.921","12.463","5.323","7.257","0.11716","5.206","2014-02-20 15:02:40","CYL5431611","57828991",""
"349","U1431","E","30","R","8","W","3.0","833.750","833.750","C","55.6","35.7","1.681","1.081","2.614","58.6","1.418","0","23.022","15.087","8.223","0.288","14.799","13.692","5.792","8.030","0.12964","5.662","2014-02-20 15:50:30","CYL5431731","57829061",""
"349","U1431","E","31","R","1","W","46.0","836.560","836.551","C","41.6","29.4","1.786","1.261","2.586","51.2","1.051","0","22.540","16.148","6.624","0.232","15.916","12.623","6.259","6.469","0.10443","6.155","2014-02-19 20:30:52","CYL5431661","57823651",""
"349","U1431","E","31","R","2","W","106.0","837.800","837.768","C","38.3","27.7","1.797","1.299","2.527","48.6","0.945","0","21.618","15.842","5.985","0.209","15.633","12.032","6.281","5.845","0.09437","6.187","2014-02-19 21:01:00","CYL5431741","57823771",""
"349","U1431","E","31","R","3","W","91.0","838.800","838.749","C","38.9","28.0","1.780","1.281","2.495","48.6","0.947","0","22.098","16.129","6.185","0.216","15.913","12.418","6.475","6.041","0.09752","6.377","2014-02-19 21:02:53","CYL5431761","57823781",""
"349","U1431","E","31","R","4","W","87.0","839.750","839.680","C","45.2","31.1","1.808","1.246","2.765","55.0","1.220","0","21.864","15.298","6.804","0.238","15.060","12.091","5.554","6.645","0.10727","5.447","2014-02-19 20:30:59","CYL5431701","57823661",""
"349","U1431","E","31","R","5","W","19.0","840.210","840.131","C","40.0","28.6","1.770","1.264","2.498","49.4","0.977","0","20.679","14.973","5.913","0.207","14.766","11.685","6.004","5.774","0.09322","5.911","2014-02-19 21:08:46","CYL5431711","57823801",""
"349","U1431","E","31","R","6","W","21.0","841.260","841.161","C","50.0","33.3","1.731","1.154","2.645","56.4","1.292","0","21.538","14.607","7.182","0.251","14.356","12.442","5.541","7.014","0.11324","5.428","2014-02-22 19:53:52","CYL5431791","57954041",""
"349","U1431","E","31","R","7","W","47.0","842.910","842.779","C","41.5","29.3","1.781","1.259","2.569","51.0","1.041","0","21.989","15.769","6.446","0.226","15.543","12.344","6.151","6.295","0.10162","6.049","2014-02-20 15:50:36","CYL5431841","57829071",""
"349","U1431","E","31","R","8","W","11.0","843.680","843.535","C","47.7","32.3","1.750","1.185","2.643","55.2","1.230","0","21.607","14.876","6.975","0.244","14.632","12.348","5.646","6.812","0.10997","5.536","2014-02-20 17:27:11","CYL5431951","57829191",""
"349","U1431","E","31","R","9","W","28.0","845.150","844.977","C","47.2","32.1","1.757","1.194","2.653","55.0","1.222","0","22.578","15.594","7.237","0.253","15.341","12.850","5.896","7.068","0.11410","5.782","2014-02-19 21:08:56","CYL5432031","57823811",""
"349","U1431","E","32","R","1","W","39.0","846.190","846.176","C","32.7","24.6","1.841","1.388","2.491","44.3","0.796","0","23.196","17.680","5.716","0.200","17.480","12.598","7.106","5.582","0.09012","7.016","2014-02-20 17:27:05","CYL5431931","57829181",""
"349","U1431","E","32","R","2","W","29.0","847.320","847.267","C","39.6","28.4","1.812","1.298","2.605","50.2","1.007","0","21.814","15.845","6.185","0.216","15.629","12.041","6.098","6.041","0.09752","6.000","2014-02-20 17:26:59","CYL5431911","57829171",""
"349","U1431","E","32","R","3","W","28.0","848.320","848.232","C","33.7","25.2","1.831","1.369","2.495","45.1","0.822","0","23.175","17.532","5.848","0.205","17.327","12.655","7.037","5.711","0.09219","6.945","2014-02-20 17:26:53","CYL5431891","57829161",""
"349","U1431","E","32","R","4","W","7.0","849.490","849.362","C","51.0","33.8","1.701","1.126","2.564","56.1","1.277","0","20.415","13.762","6.894","0.241","13.521","12.005","5.381","6.733","0.10869","5.272","2014-02-20 17:27:17","CYL5431981","57829201",""
"349","U1431","E","32","R","5","W","24.0","850.740","850.568","C","40.2","28.7","1.790","1.277","2.562","50.2","1.007","0","21.904","15.840","6.284","0.220","15.620","12.234","6.196","6.137","0.09907","6.097","2014-02-20 17:27:28","CYL5432101","57829221",""
"349","U1431","E","32","R","6","W","7.0","851.350","851.157","C","42.4","29.8","1.783","1.253","2.600","51.8","1.076","0","21.688","15.460","6.454","0.226","15.234","12.161","5.960","6.303","0.10175","5.858","2014-02-20 17:27:34","CYL5432121","57829231",""
"349","U1431","E","32","R","7","W","103.0","853.200","852.942","C","47.1","32.0","1.704","1.158","2.480","53.3","1.141","0","21.375","14.768","6.847","0.240","14.528","12.545","5.967","6.686","0.10794","5.859","2014-02-20 17:27:41","CYL5432151","57829241",""
"349","U1431","E","32","R","8","W","106.0","854.360","854.062","C","31.8","24.1","1.833","1.391","2.447","43.2","0.760","0","22.147","16.992","5.342","0.187","16.805","12.085","6.952","5.217","0.08422","6.868","2014-02-20 17:27:47","CYL5432191","57829251",""
"349","U1431","E","32","R","9","W","98.0","855.710","855.365","C","32.4","24.5","1.828","1.381","2.453","43.7","0.776","0","21.170","16.170","5.181","0.181","15.989","11.579","6.601","5.060","0.08169","6.519","2014-02-20 17:26:46","CYL5432241","57829151",""
"349","U1431","E","33","R","1","W","76.0","856.260","856.260","C","49.1","32.9","1.750","1.174","2.686","56.3","1.289","0","21.024","14.340","6.926","0.242","14.098","12.012","5.357","6.764","0.10920","5.248","2014-02-20 17:26:40","CYL5431871","57829141",""
"349","U1431","E","33","R","2","W","69.0","857.060","857.060","C","33.3","25.0","1.823","1.367","2.463","44.5","0.802","0","22.284","16.908","5.571","0.195","16.713","12.226","6.873","5.440","0.08783","6.785","2014-02-23 13:54:36","CYL5431881","58048391",""
"349","U1431","E","33","R","3","W","21.0","857.420","857.420","C","41.3","29.2","1.778","1.259","2.556","50.7","1.030","0","20.949","15.043","6.120","0.214","14.829","11.779","5.899","5.977","0.09649","5.803","2014-02-22 20:08:49","CYL5432041","57954671",""
"349","U1431","E","33","R","4","W","15.0","858.650","858.650","C","27.6","21.6","1.894","1.484","2.473","40.0","0.666","0","23.304","18.442","5.038","0.176","18.266","12.305","7.464","4.920","0.07943","7.385","2014-02-20 17:27:23","CYL5432051","57829211",""
"349","U1431","E","33","R","5","W","13.0","859.940","859.940","C","35.0","25.9","1.821","1.348","2.502","46.1","0.856","0","23.111","17.326","5.995","0.210","17.116","12.695","6.935","5.854","0.09451","6.840","2014-02-23 13:56:25","CYL5432071","58048431",""
"349","U1431","E","33","R","6","W","6.0","861.090","861.090","C","31.4","23.9","1.852","1.410","2.481","43.2","0.760","0","22.144","17.040","5.289","0.185","16.855","11.958","6.876","5.165","0.08339","6.793","2014-02-22 15:52:07","CYL5431081","57933001",""
"349","U1431","E","33","R","7","W","5.0","862.030","862.030","C","35.3","26.1","1.816","1.342","2.499","46.3","0.862","0","21.855","16.352","5.703","0.200","16.152","12.032","6.553","5.569","0.08991","6.463","2014-02-22 15:52:00","CYL5431031","57932991",""
"349","U1431","E","33","R","8","W","41.0","863.620","863.620","C","45.7","31.4","1.789","1.228","2.717","54.8","1.213","0","21.746","15.162","6.823","0.239","14.923","12.155","5.600","6.663","0.10757","5.492","2014-02-22 15:51:54","CYL5431021","57932981",""
"349","U1431","E","34","R","1","W","34.0","865.540","865.540","C","25.8","20.5","1.964","1.561","2.575","39.4","0.650","0","24.540","19.678","5.038","0.176","19.502","12.494","7.653","4.920","0.07943","7.574","2014-02-22 15:51:48","CYL5430991","57932961",""
"349","U1431","E","34","R","2","W","44.0","866.920","866.920","C","41.4","29.3","1.797","1.271","2.612","51.3","1.055","0","21.679","15.558","6.343","0.222","15.336","12.065","5.971","6.194","0.10000","5.871","2014-02-22 15:51:42","CYL5430971","57932951",""
"349","U1431","E","34","R","3","W","107.0","868.990","868.990","C","55.4","35.7","1.732","1.114","2.806","60.3","1.519","0","22.051","14.464","7.862","0.275","14.189","12.734","5.180","7.678","0.12395","5.056","2014-02-22 15:51:37","CYL5430951","57932941",""
"349","U1431","E","34","R","4","W","34.0","869.560","869.560","C","42.8","30.0","1.807","1.266","2.685","52.9","1.121","0","21.591","15.350","6.467","0.226","15.124","11.948","5.734","6.316","0.10196","5.632","2014-02-22 15:51:30","CYL5430901","57932921",""
"349","U1431","E","34","R","5","W","71.0","871.400","871.400","C","20.3","16.9","2.040","1.695","2.554","33.6","0.507","0","25.503","21.348","4.306","0.151","21.197","12.504","8.367","4.205","0.06788","8.299","2014-02-22 15:50:19","CYL5430881","57932661",""
"349","U1431","E","34","R","6","W","62.0","872.740","872.740","C","32.6","24.6","1.973","1.488","2.828","47.4","0.901","0","22.451","17.121","5.523","0.193","16.928","11.379","6.072","5.394","0.08708","5.985","2014-02-23 13:57:47","CYL5433121","58048461",""
"349","U1431","E","35","R","1","W","120.0","876.100","876.100","C","55.0","35.5","1.684","1.087","2.609","58.3","1.400","0","19.474","12.809","6.907","0.242","12.567","11.561","4.925","6.745","0.10889","4.816","2014-02-23 13:57:53","CYL5433161","58048471",""
"349","U1431","E","35","R","2","W","91.0","877.140","877.140","C","54.5","35.3","1.717","1.112","2.718","59.1","1.445","0","20.908","13.795","7.371","0.258","13.537","12.178","5.096","7.198","0.11621","4.980","2014-02-23 13:58:00","CYL5433181","58048481",""
"349","U1431","E","35","R","3","W","79.0","878.440","878.440","C","57.6","36.5","1.713","1.088","2.797","61.1","1.572","0","20.987","13.589","7.666","0.268","13.321","12.249","4.883","7.487","0.12087","4.762","2014-02-23 15:13:11","CYL5433191","58062431",""
"349","U1431","E","35","R","4","W","135.0","880.460","880.460","C","51.8","34.1","1.702","1.121","2.591","56.7","1.312","0","20.097","13.476","6.861","0.240","13.236","11.809","5.217","6.700","0.10817","5.109","2014-02-23 15:14:39","CYL5433221","58062461",""
"349","U1431","E","35","R","5","W","36.0","880.920","880.920","C","49.8","33.2","1.754","1.171","2.718","56.9","1.321","0","21.557","14.644","7.164","0.251","14.393","12.291","5.408","6.996","0.11294","5.295","2014-02-23 15:15:45","CYL5433261","58062491",""
"349","U1431","E","35","R","6","W","75.0","882.270","882.270","C","44.2","30.6","1.720","1.193","2.459","51.5","1.061","0","19.937","14.043","6.108","0.214","13.829","11.588","5.720","5.965","0.09629","5.624","2014-02-23 15:18:10","CYL5433291","58062511",""
"349","U1431","E","39","R","1","W","29.0","910.290","910.290","C","1.3","1.2","2.913","2.877","2.982","3.5","0.036","0","33.579","33.178","0.416","0.015","33.163","11.526","11.127","0.406","0.00655","11.120","2014-02-23 13:57:05","CYL5432351","58048451",""
"349","U1431","E","40","R","1","W","80.0","914.600","914.600","C","2.6","2.6","2.821","2.748","2.958","7.1","0.077","0","33.491","32.657","0.864","0.030","32.627","11.873","11.043","0.844","0.01363","11.029","2014-02-21 21:01:13","CYL5432361","57888611",""
"349","U1431","E","40","R","2","W","73.0","915.380","915.380","C","1.0","1.0","2.945","2.916","3.003","2.9","0.030","0","36.553","36.198","0.368","0.013","36.185","12.410","12.057","0.359","0.00580","12.051","2014-02-21 21:03:38","CYL5432381","57888621",""
"349","U1431","E","40","R","3","W","43.0","916.580","916.580","C","1.7","1.6","2.900","2.853","2.991","4.6","0.048","0","34.822","34.276","0.566","0.020","34.256","12.007","11.463","0.553","0.00892","11.454","2014-02-22 20:10:10","CYL5432421","57954681",""
"349","U1431","E","41","R","1","W","68.0","924.180","924.180","C","3.8","3.7","2.740","2.639","2.929","9.9","0.110","0","30.750","29.651","1.139","0.040","29.611","11.221","10.127","1.112","0.01796","10.109","2014-02-21 21:05:10","CYL5432451","57888631",""
"349","U1431","E","41","R","3","W","2.0","926.410","926.410","C","2.3","2.3","2.773","2.711","2.887","6.1","0.065","0","34.887","34.129","0.785","0.027","34.102","12.581","11.826","0.767","0.01238","11.814","2014-02-21 21:06:15","CYL5432541","57888641",""
"349","U1431","E","41","R","5","W","34.0","928.790","928.790","C","1.2","1.2","2.885","2.850","2.952","3.5","0.036","0","36.113","35.685","0.444","0.016","35.669","12.517","12.091","0.433","0.00699","12.084","2014-02-21 21:07:41","CYL5432571","57888651",""
"349","U1431","E","41","R","5","W","90.0","929.350","929.350","C","1.1","1.1","2.880","2.849","2.937","3.0","0.031","0","36.747","36.372","0.389","0.014","36.358","12.760","12.387","0.379","0.00613","12.381","2014-02-22 20:11:22","CYL5432581","57954701",""
"349","U1431","E","41","R","7","W","15.0","931.310","931.310","C","1.3","1.3","2.884","2.847","2.953","3.6","0.037","0","33.722","33.310","0.427","0.015","33.295","11.693","11.283","0.417","0.00673","11.276","2014-02-21 21:30:22","CYL5432611","57890241",""
"349","U1431","E","41","R","7","W","60.0","931.760","931.760","C","1.7","1.7","2.843","2.796","2.932","4.6","0.048","0","34.979","34.417","0.582","0.020","34.397","12.302","11.742","0.569","0.00918","11.733","2014-02-21 21:34:39","CYL5432621","57890261",""
"349","U1431","E","41","R","8","W","4.0","932.180","932.180","C","0.9","0.9","2.897","2.872","2.944","2.4","0.025","0","35.461","35.167","0.305","0.011","35.156","12.241","11.948","0.298","0.00480","11.943","2014-02-22 21:05:14","CYL5432651","57988101",""
"349","U1431","E","42","R","1","W","54.0","933.740","933.740","C","1.1","1.1","2.918","2.886","2.980","3.1","0.032","0","37.800","37.398","0.417","0.015","37.383","12.952","12.552","0.407","0.00657","12.545","2014-02-21 21:34:34","CYL5432671","57890251",""
"349","U1431","E","42","R","3","W","60.0","936.650","936.650","C","1.1","1.1","2.889","2.856","2.950","3.2","0.033","0","35.097","34.716","0.395","0.014","34.702","12.149","11.770","0.386","0.00622","11.764","2014-02-21 21:34:45","CYL5432711","57890271",""
"349","U1431","E","42","R","5","W","11.0","938.680","938.680","C","1.1","1.1","2.891","2.860","2.951","3.1","0.032","0","34.707","34.338","0.382","0.013","34.325","12.003","11.636","0.373","0.00603","11.630","2014-02-21 21:34:52","CYL5432771","57890281",""
"349","U1431","E","43","R","1","W","95.0","943.850","943.850","C","1.5","1.5","2.918","2.875","3.001","4.2","0.044","0","33.629","33.150","0.496","0.017","33.133","11.526","11.049","0.485","0.00783","11.041","2014-02-21 22:03:22","CYL5432801","57890351",""
"349","U1431","E","43","R","3","W","50.0","945.960","945.952","C","1.4","1.4","2.885","2.844","2.961","4.0","0.041","0","34.960","34.486","0.491","0.017","34.469","12.119","11.647","0.480","0.00774","11.639","2014-02-21 22:03:28","CYL5432831","57890361",""
"349","U1431","E","46","R","1","W","95.0","972.950","972.950","C","1.7","1.7","2.784","2.736","2.869","4.6","0.049","0","35.238","34.657","0.602","0.021","34.636","12.658","12.080","0.588","0.00949","12.071","2014-02-21 23:31:53","CYL5433681","57890601",""
"349","U1431","E","47","R","1","W","100.0","982.700","982.700","C","1.2","1.2","2.861","2.828","2.923","3.2","0.034","0","35.575","35.176","0.413","0.014","35.162","12.434","12.037","0.404","0.00652","12.030","2014-02-21 23:31:42","CYL5433561","57890581",""
"349","U1431","E","47","R","3","W","46.0","984.930","984.930","C","1.0","1.0","2.871","2.842","2.924","2.8","0.029","0","35.973","35.624","0.362","0.013","35.611","12.530","12.183","0.353","0.00570","12.177","2014-02-21 23:31:47","CYL5433601","57890591",""
"349","U1431","E","49","R","1","W","33.0","991.730","991.730","C","1.8","1.8","2.866","2.816","2.961","4.9","0.052","0","35.199","34.604","0.617","0.022","34.582","12.281","11.689","0.602","0.00972","11.679","2014-02-21 23:31:36","CYL5433521","57890571",""
"349","U1431","E","49","R","3","W","51.0","994.460","994.460","C","5.1","4.8","2.666","2.538","2.903","12.6","0.144","0","32.648","31.126","1.577","0.055","31.071","12.244","10.729","1.540","0.02487","10.704","2014-02-21 23:31:58","CYL5433741","57890611",""
"349","U1431","E","50","R","1","W","25.0","1001.350","1001.350","C","1.5","1.5","2.871","2.828","2.951","4.2","0.044","0","35.609","35.096","0.532","0.019","35.077","12.405","11.894","0.519","0.00838","11.886","2014-02-21 22:03:46","CYL5433471","57890391",""
"349","U1431","E","50","R","3","W","76.0","1004.480","1004.480","C","0.9","0.9","2.880","2.853","2.930","2.6","0.027","0","35.479","35.160","0.331","0.012","35.148","12.319","12.001","0.323","0.00521","11.996","2014-02-21 22:03:34","CYL5433401","57890371",""
"349","U1431","E","50","R","5","W","49.0","1006.670","1006.670","C","1.1","1.1","2.866","2.834","2.925","3.1","0.032","0","35.500","35.116","0.398","0.014","35.102","12.387","12.005","0.389","0.00627","11.999","2014-02-21 22:03:40","CYL5433421","57890381",""
