,Depth CSF-B (m),Moisture dry (wt%),Moisture wet (wt%),Bulk density (g/cm³),Dry density (g/cm³),Grain density (g/cm³),Porosity (vol%),Reflectance L*,Reflectance a*,Reflectance b*,Tristimulus X,Tristimulus Y,Tristimulus Z,Bulk density (GRA),Magnetic susceptibility (instr. units),NGR total counts (cps)
0,0.745,189.5,65.5,1.31,0.452,2.7769999999999997,83.7,40.2,2.1,1.2,11.1,11.4,11.8,1.392,26.0,23.396
1,1.9880000000000002,151.0,60.2,1.3719999999999999,0.547,2.8160000000000003,80.6,36.2,-0.3,2.8,8.6,9.1,8.9,1.3630000000000002,41.2,26.000999999999998
2,2.752,165.9,62.4,1.348,0.507,2.84,82.1,35.0,0.4,1.4,8.1,8.5,8.7,1.3980000000000001,16.4,26.659000000000002
3,3.8,114.5,53.4,1.462,0.6809999999999999,2.865,76.2,39.9,0.6,1.4,10.7,11.2,11.5,1.55,17.6,38.554
4,5.3,64.3,39.1,1.67,1.0170000000000001,2.8080000000000003,63.8,36.0,0.6,1.1,8.6,9.0,9.3,0.363,22.0,39.454
5,6.8,167.1,62.6,1.347,0.504,2.847,82.3,35.2,1.3,-0.2,8.3,8.6,9.3,1.666,33.0,27.698
6,8.45,92.2,48.0,1.5330000000000001,0.797,2.826,71.8,34.0,1.1,0.3,7.7,8.0,8.5,1.7630000000000001,35.2,39.516
7,9.89,90.1,47.4,1.5430000000000001,0.812,2.839,71.4,35.6,1.4,0.5,8.5,8.8,9.3,1.5730000000000002,24.0,31.369
8,11.48,96.7,49.2,1.5190000000000001,0.772,2.8510000000000004,72.9,37.8,1.0,-0.5,9.6,10.0,10.9,1.8659999999999999,35.4,45.229
9,13.39,46.1,31.5,1.811,1.24,2.803,55.8,41.5,1.6,-1.0,11.8,12.2,13.5,1.578,28.6,41.724
10,14.89,172.2,63.3,1.33,0.488,2.738,82.2,34.4,1.1,-0.3,7.9,8.2,8.9,1.429,45.4,25.778000000000002
11,16.42,112.7,53.0,1.464,0.688,2.8339999999999996,75.7,39.4,1.3,-0.8,10.5,10.9,12.0,1.547,66.0,43.568000000000005
12,17.73,111.7,52.8,1.4680000000000002,0.6940000000000001,2.8480000000000003,75.6,29.2,1.2,0.6,5.7,5.9,6.2,1.525,35.6,35.228
13,19.52,103.9,51.0,1.489,0.73,2.823,74.1,36.9,1.6,0.0,9.2,9.5,10.2,1.551,23.0,27.592
14,21.09,93.1,48.2,1.5419999999999998,0.799,2.917,72.6,48.1,1.0,3.2,16.2,16.9,16.6,1.755,9.2,19.529
15,21.3,106.6,51.6,1.485,0.7190000000000001,2.8569999999999998,74.8,40.6,1.5,-1.9,11.2,11.6,13.2,1.5959999999999999,26.2,33.703
16,21.68,111.5,52.7,1.4669999999999999,0.693,2.8310000000000004,75.5,33.6,1.0,-1.1,7.5,7.8,8.7,1.5519999999999998,37.6,34.571999999999996
17,22.851,59.0,37.1,1.702,1.07,2.792,61.7,42.0,0.3,-1.4,11.9,12.5,14.0,1.787,29.0,44.443999999999996
18,24.276,112.8,53.0,1.446,0.679,2.7,74.8,46.3,0.6,3.4,14.8,15.5,15.1,1.5030000000000001,51.8,28.984
19,32.503,93.6,48.3,1.54,0.7959999999999999,2.9160000000000004,72.7,38.2,1.0,-0.4,9.8,10.2,11.1,1.651,35.8,34.189
20,33.596,66.5,39.9,1.6640000000000001,0.9990000000000001,2.8489999999999998,64.9,41.7,1.0,-2.2,11.8,12.3,14.1,1.756,38.0,50.593999999999994
21,35.192,73.3,42.3,1.625,0.938,2.852,67.1,37.5,1.7,-1.1,9.5,9.8,10.9,1.751,49.4,44.298
22,36.788000000000004,66.2,39.8,1.663,1.001,2.835,64.7,36.7,0.7,-2.1,9.0,9.4,10.8,1.9069999999999998,31.2,46.036
23,38.141999999999996,92.0,47.9,1.53,0.797,2.803,71.6,42.5,1.8,-1.3,12.4,12.8,14.3,1.59,32.4,35.258
24,39.353,83.5,45.5,1.578,0.86,2.877,70.1,40.7,1.5,-1.9,11.3,11.7,13.3,1.6640000000000001,32.2,38.494
25,40.494,49.5,33.1,1.805,1.208,2.9010000000000002,58.4,32.5,1.8,-1.9,7.1,7.3,8.4,1.9380000000000002,39.0,50.659
26,41.872,78.2,43.9,1.575,0.884,2.72,67.5,43.2,1.3,-2.4,12.8,13.3,15.3,1.69,32.8,40.671
27,43.286,53.1,34.7,1.7519999999999998,1.145,2.8139999999999996,59.3,37.1,0.8,0.0,9.2,9.6,10.3,1.8419999999999999,29.2,48.271
28,44.756,69.9,41.1,1.636,0.963,2.813,65.8,43.8,1.4,-2.3,13.2,13.7,15.7,1.724,37.4,45.201
29,46.316,51.0,33.8,1.794,1.189,2.911,59.2,40.6,0.7,-0.4,11.1,11.6,12.6,1.86,32.8,32.562
30,47.777,86.8,46.5,1.538,0.8240000000000001,2.7260000000000004,69.8,42.5,1.8,-1.8,12.4,12.8,14.5,1.607,43.0,43.324
31,49.218999999999994,55.9,35.9,1.7480000000000002,1.121,2.891,61.2,34.8,1.2,0.1,8.1,8.4,9.0,1.7480000000000002,42.0,47.224
32,50.223,72.1,41.9,1.636,0.951,2.873,66.9,37.1,0.8,-0.3,9.2,9.6,10.4,1.7480000000000002,42.8,51.718999999999994
33,50.94,143.2,58.9,1.3880000000000001,0.5710000000000001,2.826,79.8,36.0,-0.3,0.8,8.5,9.0,9.4,1.729,35.6,32.563
34,52.97,65.7,39.7,1.6680000000000001,1.006,2.845,64.6,35.8,1.4,-0.1,8.6,8.9,9.6,1.804,34.8,47.476000000000006
35,54.37,72.3,42.0,1.642,0.953,2.912,67.3,37.8,1.8,-1.9,9.7,10.0,11.4,1.972,42.4,48.531000000000006
36,57.36,74.2,42.6,1.588,0.912,2.6830000000000003,66.0,40.4,0.7,0.9,11.0,11.5,12.0,1.7080000000000002,47.0,44.988
37,58.11,60.1,37.5,1.73,1.081,2.9539999999999997,63.4,37.5,1.7,-1.9,9.5,9.8,11.2,1.824,29.8,49.301
38,60.75,77.1,43.5,1.5230000000000001,0.86,2.441,64.8,42.6,1.8,1.6,12.5,12.9,13.2,1.719,55.4,41.556999999999995
39,62.02,80.0,44.4,1.589,0.883,2.846,69.0,46.3,1.2,-0.8,14.9,15.5,17.0,1.714,49.8,44.706
40,63.73,57.3,36.4,1.7269999999999999,1.0979999999999999,2.846,61.4,38.6,1.1,-0.9,10.0,10.4,11.5,1.831,53.2,53.331
41,65.49,75.4,43.0,1.6019999999999999,0.9129999999999999,2.7910000000000004,67.3,42.0,1.7,-0.9,12.1,12.5,13.8,1.6840000000000002,66.0,42.288999999999994
42,66.79,69.2,40.9,1.661,0.982,2.918,66.4,43.5,0.7,-1.2,12.9,13.5,15.0,1.778,51.8,42.868
43,68.11,70.9,41.5,1.615,0.945,2.734,65.4,33.1,0.9,-2.2,7.3,7.6,8.8,1.76,63.4,51.303999999999995
44,69.2,59.5,37.3,1.6880000000000002,1.058,2.747,61.5,38.0,1.0,-2.1,9.7,10.1,11.6,2.1,36.2,52.428999999999995
45,70.4,53.6,34.9,1.758,1.145,2.852,59.9,47.6,1.5,-2.4,15.9,16.5,18.9,1.827,62.6,51.738
46,71.88,59.2,37.2,1.725,1.083,2.9010000000000002,62.7,41.4,0.9,0.0,11.6,12.1,13.0,1.821,53.0,50.281000000000006
47,73.43,56.2,36.0,1.754,1.123,2.93,61.7,36.0,0.6,-0.7,8.6,9.0,9.9,1.874,49.0,54.17100000000001
48,75.04,67.5,40.3,1.68,1.003,2.958,66.1,41.7,1.0,-1.2,11.8,12.3,13.7,1.7719999999999998,66.8,37.896
49,76.39,59.3,37.2,1.706,1.071,2.819,62.0,39.2,1.2,-1.6,10.4,10.8,12.2,1.838,49.6,51.698
50,77.89,68.2,40.6,1.659,0.986,2.877,65.7,41.1,1.6,-1.6,11.5,11.9,13.4,1.7069999999999999,70.0,46.321000000000005
51,78.61,56.7,36.2,1.705,1.088,2.736,60.2,39.2,1.2,-2.4,10.4,10.8,12.5,1.8419999999999999,37.4,54.748999999999995
52,79.952,57.9,36.7,1.732,1.097,2.885,62.0,47.4,1.4,-3.6,15.7,16.3,19.3,1.883,37.0,55.708999999999996
53,81.348,60.0,37.5,1.704,1.065,2.832,62.4,38.9,1.2,-0.9,10.2,10.6,11.7,1.849,46.0,43.038000000000004
54,82.485,64.1,39.1,1.689,1.0290000000000001,2.897,64.5,39.4,1.3,-1.9,10.5,10.9,12.4,1.8840000000000001,42.8,46.224
55,83.652,59.8,37.4,1.732,1.084,2.951,63.3,40.1,1.4,-2.0,10.9,11.3,12.9,1.794,48.4,45.901
56,85.01899999999999,93.3,48.3,1.5119999999999998,0.782,2.722,71.3,44.8,1.6,-0.1,13.9,14.4,15.5,1.6580000000000001,80.4,37.303000000000004
57,85.87700000000001,59.4,37.3,1.685,1.057,2.7310000000000003,61.3,38.2,1.8,-0.1,9.9,10.2,11.0,1.8419999999999999,41.2,51.744
58,86.985,62.9,38.6,1.625,0.998,2.575,61.3,42.0,1.7,-1.2,12.1,12.5,13.9,1.8330000000000002,60.4,51.096000000000004
59,87.84299999999999,52.2,34.3,1.732,1.138,2.708,58.0,40.2,2.1,-1.7,11.1,11.4,12.9,1.892,29.0,56.721000000000004
60,89.49,56.2,36.0,1.746,1.1179999999999999,2.891,61.3,42.9,1.9,-1.5,12.7,13.1,14.7,1.82,53.2,58.138999999999996
61,90.83,57.1,36.3,1.64,1.044,2.498,58.2,39.2,1.2,1.7,10.4,10.8,11.0,1.829,49.0,52.128
62,92.16,64.5,39.2,1.571,0.955,2.399,60.2,39.7,1.3,-0.7,10.7,11.1,12.2,1.7480000000000002,81.2,53.537
63,93.88,66.4,39.9,1.6380000000000001,0.9840000000000001,2.72,63.8,37.7,0.9,-1.1,9.5,9.9,11.0,1.784,64.0,58.551
64,95.41,52.0,34.2,1.7890000000000001,1.177,2.924,59.8,40.6,1.5,-2.2,11.2,11.6,13.3,1.871,54.4,53.141000000000005
65,98.89,54.5,35.3,1.6059999999999999,1.04,2.327,55.3,42.9,1.9,-2.9,12.7,13.1,15.3,1.8719999999999999,50.8,56.358000000000004
66,100.56,64.6,39.2,1.6480000000000001,1.002,2.718,63.1,41.2,1.6,-2.0,11.6,12.0,13.7,1.787,79.2,55.748999999999995
67,101.9,53.5,34.8,1.581,1.03,2.228,53.8,37.7,0.9,-0.5,9.5,9.9,10.8,1.8730000000000002,67.0,58.214
68,103.4,39.4,28.3,1.883,1.351,2.815,52.0,42.6,1.8,-3.4,12.5,12.9,15.3,2.015,41.0,65.154
69,104.91,45.8,31.4,1.831,1.256,2.866,56.2,41.8,1.0,-2.6,11.9,12.4,14.4,1.943,43.6,68.628
70,106.03,49.2,33.0,1.787,1.197,2.822,57.6,39.4,1.3,-1.6,10.5,10.9,12.3,1.8869999999999998,49.8,60.61600000000001
71,107.28,49.9,33.3,1.736,1.158,2.659,56.4,45.2,1.6,-3.9,14.2,14.7,17.6,1.8940000000000001,48.6,61.519
72,108.45,58.7,37.0,1.706,1.075,2.802,61.6,42.5,1.1,-2.7,12.3,12.8,14.9,1.8,49.4,53.348
73,109.96,46.9,31.9,1.81,1.232,2.8280000000000003,56.4,38.9,1.2,-1.7,10.2,10.6,12.0,1.922,42.8,60.396
74,111.39,58.7,37.0,1.7180000000000002,1.082,2.853,62.1,34.0,1.1,-1.7,7.7,8.0,9.1,1.883,64.0,57.708
75,112.96,46.3,31.6,1.815,1.2409999999999999,2.825,56.1,35.0,1.3,-2.1,8.2,8.5,9.8,1.936,39.6,63.346000000000004
76,114.51,49.4,33.1,1.729,1.157,2.6189999999999998,55.8,39.9,0.6,-1.2,10.7,11.2,12.5,1.885,51.4,62.699
77,115.63,53.7,34.9,1.7519999999999998,1.14,2.833,59.8,49.4,1.2,-0.2,17.2,17.9,19.3,1.876,26.2,37.051
78,116.52,47.6,32.2,1.8030000000000002,1.222,2.827,56.8,41.5,0.9,-0.5,11.7,12.2,13.3,1.925,44.6,44.519
79,117.948,31.5,23.9,1.8219999999999998,1.385,2.4130000000000003,42.6,34.0,0.1,-1.3,7.6,8.0,9.0,1.972,39.0,64.381
80,119.454,52.2,34.3,1.775,1.166,2.8760000000000003,59.5,39.1,0.4,-1.9,10.2,10.7,12.2,1.867,44.6,64.51899999999999
81,120.931,51.4,33.9,1.777,1.1740000000000002,2.855,58.9,49.3,1.2,-3.0,17.1,17.8,20.7,1.895,57.4,55.621
82,122.43700000000001,47.1,32.0,1.819,1.237,2.866,56.8,42.0,1.0,-2.6,12.0,12.5,14.5,1.984,53.8,62.438
83,123.934,42.7,29.9,1.824,1.2790000000000001,2.737,53.3,40.2,0.7,-0.9,10.9,11.4,12.6,1.9580000000000002,39.4,61.674
84,125.001,66.4,39.9,1.68,1.01,2.9219999999999997,65.5,44.7,1.5,-0.8,13.8,14.3,15.7,1.8719999999999999,112.0,51.659
85,126.162,44.4,30.8,1.88,1.3019999999999998,2.992,56.5,43.9,0.7,-3.3,13.2,13.8,16.3,1.8980000000000001,33.4,59.583999999999996
86,127.661,62.3,38.4,1.662,1.024,2.714,62.3,45.4,1.7,0.0,14.3,14.8,15.9,1.8019999999999998,75.0,45.761
87,129.121,51.7,34.1,1.7619999999999998,1.162,2.81,58.7,37.5,0.9,-0.2,9.4,9.8,10.6,1.857,65.8,60.163999999999994
88,130.58100000000002,34.8,25.8,1.91,1.4169999999999998,2.73,48.1,41.7,1.0,-2.4,11.8,12.3,14.2,2.036,58.0,66.571
89,132.041,43.6,30.4,1.9080000000000001,1.328,3.06,56.6,42.3,1.1,-1.6,12.2,12.7,14.3,1.949,50.6,62.623999999999995
90,133.481,44.5,30.8,1.8319999999999999,1.268,2.824,55.1,35.2,-0.5,-0.8,8.1,8.6,9.5,1.963,52.0,59.021
91,134.534,43.6,30.4,1.8130000000000002,1.262,2.733,53.8,45.8,1.7,-1.5,14.6,15.1,16.9,1.867,41.4,46.603
92,135.68,40.0,28.6,1.875,1.339,2.8080000000000003,52.3,43.4,1.3,-2.3,12.9,13.4,15.4,1.966,37.0,63.041000000000004
93,137.53,52.5,34.4,1.764,1.157,2.845,59.3,51.5,1.1,1.0,18.9,19.7,20.6,1.845,21.2,39.133
94,138.65,42.6,29.9,1.929,1.3530000000000002,3.094,56.3,39.1,1.2,-2.2,10.3,10.7,12.3,1.973,43.4,64.60600000000001
95,140.0,46.1,31.5,1.817,1.244,2.826,56.0,42.9,0.5,-1.7,12.5,13.1,14.8,1.9269999999999998,84.6,61.178000000000004
96,141.48,35.5,26.2,1.889,1.3940000000000001,2.7,48.4,37.7,1.7,-2.2,9.6,9.9,11.4,2.0780000000000003,40.0,68.031
97,142.7,44.1,30.6,1.834,1.272,2.818,54.8,45.4,1.0,-2.8,14.2,14.8,17.2,1.946,42.0,65.571
98,143.71,47.8,32.3,1.7630000000000001,1.193,2.6919999999999997,55.7,43.8,1.4,-2.3,13.2,13.7,15.7,1.9340000000000002,47.2,63.268
99,145.44899999999998,55.4,35.7,1.756,1.13,2.908,61.1,44.4,1.5,-1.7,13.6,14.1,15.9,1.796,59.0,56.972
100,148.405,41.6,29.4,1.855,1.311,2.8,53.2,39.1,1.2,-0.6,10.3,10.7,11.7,1.972,37.2,61.832
101,151.40200000000002,60.7,37.8,1.666,1.036,2.6889999999999996,61.5,38.6,0.3,-0.4,9.9,10.4,11.3,1.8319999999999999,131.4,55.676
102,155.57399999999998,35.5,26.2,1.923,1.42,2.7939999999999996,49.2,43.5,1.3,-2.3,13.0,13.5,15.5,2.024,40.4,62.938
103,157.458,49.4,33.1,1.739,1.1640000000000001,2.656,56.2,50.0,1.4,-0.3,17.7,18.4,19.9,1.901,30.0,51.271
104,164.21,40.1,28.6,1.8940000000000001,1.3519999999999999,2.872,52.9,35.8,1.4,0.2,8.6,8.9,9.5,1.979,46.0,64.764
105,167.21,40.8,29.0,1.875,1.3319999999999999,2.838,53.1,35.6,0.5,-1.4,8.4,8.8,9.9,1.9769999999999999,44.8,59.254
106,171.28,50.2,33.4,1.7590000000000001,1.171,2.752,57.4,34.8,0.3,-0.6,8.0,8.4,9.2,1.86,42.6,53.606
107,173.87,48.4,32.6,1.778,1.198,2.764,56.6,36.6,0.7,-0.6,8.9,9.3,10.2,1.791,48.0,52.857
108,176.77,49.2,33.0,1.771,1.187,2.763,57.0,34.8,-0.6,1.0,7.9,8.4,8.7,1.801,48.0,59.181000000000004
109,180.615,52.9,34.6,1.7619999999999998,1.1520000000000001,2.8489999999999998,59.6,50.9,1.5,-1.6,18.5,19.2,21.5,1.75,33.6,34.931
110,183.47099999999998,45.4,31.2,1.819,1.251,2.8080000000000003,55.4,37.1,0.8,0.9,9.2,9.6,10.0,1.828,40.0,55.161
111,186.278,43.5,30.3,1.829,1.274,2.78,54.2,45.4,1.7,-2.6,14.3,14.8,17.1,1.806,35.0,50.778
112,188.15900000000002,48.7,32.8,1.831,1.2309999999999999,2.971,58.6,37.1,0.8,0.3,9.2,9.6,10.2,1.8840000000000001,43.2,57.388999999999996
113,190.267,50.6,33.6,1.778,1.181,2.8339999999999996,58.3,36.2,0.6,-1.9,8.7,9.1,10.4,1.729,33.2,51.341
114,193.297,58.0,36.7,1.685,1.0659999999999998,2.693,60.4,48.6,0.5,-0.2,16.5,17.3,18.7,1.806,18.2,33.852
115,194.739,49.2,33.0,1.818,1.219,2.937,58.5,40.7,0.8,0.2,11.2,11.7,12.5,1.797,36.2,44.629
116,195.16099999999997,47.6,32.2,1.8019999999999998,1.2209999999999999,2.823,56.7,34.2,1.1,0.0,7.8,8.1,8.7,1.761,37.0,51.141999999999996
117,196.542,37.3,27.2,1.8530000000000002,1.35,2.655,49.2,36.9,0.8,-1.5,9.1,9.5,10.7,2.021,41.0,67.566
118,198.727,47.1,32.0,1.774,1.206,2.71,55.5,37.3,0.8,-0.5,9.3,9.7,10.6,1.785,32.8,52.248999999999995
119,201.507,46.4,31.7,1.8159999999999998,1.24,2.833,56.2,37.8,0.1,0.1,9.5,10.0,10.7,1.831,40.2,52.273999999999994
120,204.451,49.2,33.0,1.78,1.193,2.7960000000000003,57.3,32.3,0.7,-1.0,6.9,7.2,8.0,1.854,33.6,50.898
121,206.535,39.4,28.3,1.973,1.416,3.109,54.5,38.2,1.0,-1.8,9.8,10.2,11.6,1.95,-26.4,62.536
122,209.43099999999998,40.6,28.9,1.881,1.338,2.8480000000000003,53.0,37.7,0.9,-1.6,9.5,9.9,11.2,1.867,40.6,57.343999999999994
123,212.364,45.7,31.4,1.7690000000000001,1.214,2.6519999999999997,54.2,34.6,-0.7,1.0,7.8,8.3,8.6,1.8230000000000002,48.2,51.088
124,215.365,45.3,31.2,1.8230000000000002,1.255,2.822,55.5,35.4,0.4,-0.8,8.3,8.7,9.6,1.838,39.4,50.364
125,219.113,41.4,29.3,1.831,1.295,2.718,52.4,35.6,0.5,-0.2,8.4,8.8,9.5,1.844,38.8,50.31399999999999
126,222.076,39.4,28.2,1.9380000000000002,1.391,2.987,53.4,38.2,1.0,-1.5,9.8,10.2,11.5,1.858,35.4,57.263999999999996
127,225.019,40.5,28.8,1.864,1.327,2.7910000000000004,52.5,42.2,1.1,-1.1,12.1,12.6,14.0,1.97,47.0,52.364
128,238.27,43.9,30.5,1.86,1.2919999999999998,2.9,55.4,38.0,1.8,-2.1,9.8,10.1,11.6,1.882,48.2,54.474
129,241.213,49.5,33.1,1.785,1.194,2.823,57.7,42.6,1.1,0.9,12.4,12.9,13.5,1.8319999999999999,42.8,40.254
130,244.155,45.4,31.2,1.7890000000000001,1.2309999999999999,2.707,54.5,42.3,1.1,-1.1,12.2,12.7,14.1,1.959,62.0,51.761
131,247.85299999999998,52.6,34.5,1.7890000000000001,1.173,2.95,60.2,38.2,1.8,-2.3,9.9,10.2,11.8,1.807,50.8,51.188
132,250.75400000000002,35.1,26.0,1.9380000000000002,1.435,2.821,49.1,34.2,1.1,-1.3,7.8,8.1,9.1,1.9769999999999999,41.6,58.488
133,253.805,47.5,32.2,1.814,1.23,2.861,57.0,39.7,2.1,-2.3,10.8,11.1,12.8,1.891,53.0,59.698
134,257.447,38.4,27.8,1.893,1.367,2.8080000000000003,51.3,35.0,2.2,-0.9,8.3,8.5,9.4,1.8769999999999998,42.2,51.474
135,260.447,40.5,28.8,1.8430000000000002,1.311,2.7260000000000004,51.9,35.0,1.3,-2.1,8.2,8.5,9.8,1.8719999999999999,38.6,53.071000000000005
136,263.281,42.4,29.8,1.879,1.32,2.907,54.6,33.4,1.9,-1.8,7.5,7.7,8.8,1.87,37.6,54.762
137,265.42,36.6,26.8,1.92,1.405,2.826,50.3,33.6,1.0,-0.1,7.5,7.8,8.4,1.794,35.6,54.516000000000005
138,268.97,37.8,27.4,1.91,1.386,2.838,51.2,32.7,1.8,-1.6,7.2,7.4,8.4,1.7819999999999998,38.2,54.216
139,275.351,42.7,29.9,1.828,1.281,2.7510000000000003,53.4,33.6,1.0,0.6,7.5,7.8,8.2,1.7719999999999998,39.4,53.618
140,278.286,42.4,29.8,1.895,1.331,2.9610000000000003,55.1,48.0,1.5,-0.3,16.2,16.8,18.2,1.8,15.8,28.801
141,281.369,39.4,28.3,1.8840000000000001,1.351,2.8139999999999996,52.0,42.0,1.7,-0.7,12.1,12.5,13.7,1.943,43.4,57.438
142,284.88,38.6,27.8,1.8940000000000001,1.367,2.818,51.5,45.8,1.1,0.9,14.5,15.1,15.8,1.858,15.4,28.237
143,286.55,42.4,29.8,1.8430000000000002,1.294,2.7910000000000004,53.6,34.8,0.3,2.4,8.0,8.4,8.3,1.754,70.2,53.373999999999995
144,287.87,37.4,27.2,1.881,1.369,2.738,50.0,37.1,1.6,-1.1,9.3,9.6,10.7,1.8430000000000002,41.4,54.42100000000001
145,289.72,42.5,29.8,1.9040000000000001,1.3359999999999999,3.0010000000000003,55.5,35.6,0.5,1.8,8.4,8.8,8.9,1.7180000000000002,69.0,54.598
146,291.28,35.9,26.4,1.93,1.42,2.826,49.7,32.5,0.8,0.5,7.0,7.3,7.7,1.804,37.6,56.089
147,292.53,39.6,28.4,1.883,1.349,2.818,52.1,46.3,1.8,3.4,15.0,15.5,15.1,1.851,22.0,36.438
148,295.02,40.2,28.7,1.871,1.334,2.804,52.4,40.1,2.1,-1.5,11.0,11.3,12.7,1.7730000000000001,19.0,31.426
149,296.14,36.4,26.7,1.86,1.364,2.645,48.4,47.5,1.4,0.4,15.8,16.4,17.4,1.805,18.2,29.084
150,297.89,35.3,26.1,1.995,1.474,2.9989999999999997,50.8,41.2,1.6,-0.5,11.6,12.0,13.1,1.8159999999999998,42.6,55.943999999999996
151,298.24,38.6,27.9,1.901,1.371,2.839,51.7,44.5,2.1,-3.4,13.8,14.2,16.8,1.8559999999999999,30.0,53.973
152,306.15,37.1,27.1,1.9169999999999998,1.3980000000000001,2.8339999999999996,50.7,36.2,0.6,-0.1,8.7,9.1,9.8,1.86,44.0,56.781000000000006
153,309.12,32.4,24.5,1.984,1.4980000000000002,2.847,47.4,41.2,1.6,-2.5,11.6,12.0,13.9,1.915,44.4,51.901
154,312.16,40.4,28.8,1.857,1.3230000000000002,2.766,52.2,46.6,1.9,-0.1,15.2,15.7,16.9,1.7830000000000001,25.0,37.656
155,315.96,32.6,24.6,1.996,1.505,2.889,47.9,36.0,0.6,0.2,8.6,9.0,9.6,1.891,39.8,48.812
156,325.59,40.3,28.7,1.885,1.344,2.8489999999999998,52.8,47.1,1.4,-0.4,15.5,16.1,17.5,1.729,13.0,32.619
157,328.39,54.0,35.1,1.7469999999999999,1.135,2.825,59.8,46.3,1.8,1.0,15.0,15.5,16.2,1.75,46.6,40.418
158,333.47,29.8,22.9,2.0140000000000002,1.5519999999999998,2.8280000000000003,45.1,31.8,0.6,0.1,6.7,7.0,7.5,1.8519999999999999,42.6,45.123999999999995
159,344.95,30.9,23.6,1.98,1.5119999999999998,2.782,45.7,37.3,0.8,-1.7,9.3,9.7,11.0,1.8359999999999999,42.0,51.81399999999999
160,354.12,35.9,26.4,1.9280000000000002,1.419,2.822,49.7,30.6,1.5,-0.5,6.3,6.5,7.1,1.883,33.6,57.339
161,357.38,38.5,27.8,1.893,1.367,2.813,51.4,45.4,2.3,0.0,14.4,14.8,15.9,1.794,34.8,44.911
162,358.6,40.1,28.6,1.8719999999999999,1.3359999999999999,2.802,52.3,44.4,0.8,1.0,13.5,14.1,14.7,1.854,20.6,38.719
163,360.38,37.7,27.4,1.909,1.3869999999999998,2.8310000000000004,51.0,37.1,0.8,0.3,9.2,9.6,10.2,1.9809999999999999,38.4,56.528
164,362.91,40.5,28.8,1.882,1.339,2.8489999999999998,53.0,32.7,1.8,-0.5,7.2,7.4,8.1,1.841,47.2,60.43899999999999
165,363.68,37.0,27.0,1.902,1.389,2.785,50.1,45.1,1.6,0.9,14.1,14.6,15.3,1.433,16.6,31.798000000000002
166,372.459,36.0,26.5,1.935,1.423,2.845,50.0,38.4,1.8,-1.5,10.0,10.3,11.6,1.838,42.0,62.566
167,374.32300000000004,40.3,28.7,1.874,1.3359999999999999,2.8160000000000003,52.6,43.2,1.3,0.9,12.8,13.3,13.9,1.825,18.2,38.122
168,375.727,33.9,25.3,1.962,1.465,2.845,48.5,37.7,1.7,-1.9,9.6,9.9,11.3,1.861,43.0,61.146
169,376.811,34.8,25.8,1.9469999999999998,1.445,2.8360000000000003,49.1,40.9,1.5,-1.8,11.4,11.8,13.4,1.87,34.0,62.121
170,379.224,31.9,24.2,1.974,1.4969999999999999,2.804,46.6,41.4,1.6,-1.0,11.7,12.1,13.4,1.8719999999999999,43.6,59.199
171,380.101,36.2,26.6,1.92,1.41,2.8089999999999997,49.8,49.4,1.8,1.2,17.3,17.9,18.6,1.824,40.2,35.838
172,381.103,33.1,24.9,1.942,1.459,2.763,47.2,36.4,1.5,-0.4,8.9,9.2,10.0,1.874,46.8,61.983999999999995
173,384.381,38.2,27.6,1.8559999999999999,1.3430000000000002,2.6919999999999997,50.1,42.0,1.0,0.8,12.0,12.5,13.1,1.8730000000000002,20.6,30.604
174,387.73,33.4,25.1,2.035,1.525,3.0389999999999997,49.8,33.8,2.0,0.3,7.7,7.9,8.4,1.901,40.0,62.141999999999996
175,390.664,31.6,24.0,1.99,1.5119999999999998,2.833,46.6,36.0,1.4,-0.7,8.7,9.0,9.9,1.903,42.8,61.82899999999999
176,394.46,36.8,26.9,1.9280000000000002,1.409,2.855,50.6,36.4,1.5,0.2,8.9,9.2,9.8,1.8230000000000002,32.4,55.361999999999995
177,396.12,25.5,20.3,2.065,1.645,2.79,41.0,40.7,1.5,-1.4,11.3,11.7,13.1,1.969,35.0,52.206
178,397.78,32.6,24.6,1.929,1.455,2.71,46.3,40.1,1.4,-1.2,10.9,11.3,12.6,1.91,44.4,58.153
179,402.6,40.9,29.0,1.9669999999999999,1.396,3.158,55.8,35.6,2.2,0.2,8.6,8.8,9.4,1.8219999999999998,52.0,54.138000000000005
180,413.87,33.3,25.0,1.969,1.476,2.843,48.1,39.6,0.5,-0.5,10.5,11.0,12.0,1.8130000000000002,30.2,56.07899999999999
181,416.85,34.6,25.7,1.9469999999999998,1.4469999999999998,2.83,48.9,29.2,1.2,1.8,5.7,5.9,5.9,1.83,41.4,57.766000000000005
182,423.50300000000004,34.8,25.8,1.9580000000000002,1.453,2.8689999999999998,49.4,34.6,1.2,-1.2,8.0,8.3,9.3,1.912,35.2,58.438
183,426.42699999999996,29.7,22.9,2.05,1.581,2.9189999999999996,45.8,36.7,1.6,-0.9,9.1,9.4,10.4,1.8730000000000002,43.2,62.123999999999995
184,429.39,30.0,23.1,1.916,1.474,2.595,43.2,45.5,1.7,-0.7,14.4,14.9,16.3,1.935,18.0,33.744
185,433.17,32.4,24.5,1.983,1.4980000000000002,2.847,47.4,35.2,1.3,-0.8,8.3,8.6,9.5,1.889,39.6,60.748000000000005
186,470.15,30.6,23.4,2.029,1.5530000000000002,2.9,46.5,39.9,2.1,-3.8,10.9,11.2,13.5,1.7209999999999999,30.0,52.446000000000005
187,479.96,32.3,24.4,1.995,1.508,2.8739999999999997,47.5,36.4,0.7,-0.1,8.8,9.2,9.9,1.885,42.8,62.257
188,482.153,31.6,24.0,2.0180000000000002,1.5330000000000001,2.911,47.3,41.7,1.0,-1.0,11.8,12.3,13.6,1.869,45.8,58.628
189,484.94599999999997,34.3,25.5,1.935,1.4409999999999998,2.786,48.3,32.3,0.7,1.2,6.9,7.2,7.4,1.9469999999999998,56.4,53.108999999999995
190,487.466,37.5,27.3,1.9380000000000002,1.409,2.911,51.6,38.0,1.8,-0.2,9.8,10.1,10.9,1.945,64.6,59.621
191,488.51,40.3,28.7,1.815,1.294,2.636,50.9,48.0,0.4,2.2,16.0,16.8,17.0,1.555,101.0,38.496
192,488.73,48.4,32.6,1.8319999999999999,1.234,2.9619999999999997,58.3,38.6,0.3,2.8,9.9,10.4,10.2,1.86,82.0,46.051
193,499.4,123.8,55.3,1.433,0.64,2.833,77.4,27.0,-0.5,5.7,4.8,5.1,4.3,1.28,55.0,19.347
194,546.62,40.4,28.8,1.906,1.357,2.9210000000000003,53.5,34.6,1.2,5.6,8.0,8.3,7.3,1.785,62.0,55.393
195,549.4,66.1,39.8,1.6119999999999999,0.971,2.597,62.6,31.1,-0.6,1.9,6.3,6.7,6.7,1.6269999999999998,65.0,47.196000000000005
196,552.86,33.3,25.0,1.82,1.365,2.455,44.4,47.8,1.5,1.1,16.0,16.6,17.3,1.7890000000000001,43.0,25.961
197,556.25,82.1,45.1,1.577,0.866,2.833,69.4,27.6,0.9,0.9,5.1,5.3,5.5,1.42,100.8,24.462
198,603.67,53.7,35.0,1.7009999999999998,1.1059999999999999,2.639,58.1,34.8,0.3,-2.1,8.0,8.4,9.7,1.419,143.0,18.737000000000002
199,604.54,40.9,29.0,1.839,1.305,2.7239999999999998,52.1,30.2,1.4,-2.4,6.1,6.3,7.4,1.465,160.4,10.837
200,613.83,33.4,25.0,1.896,1.421,2.648,46.3,37.5,0.1,0.1,9.3,9.8,10.5,1.6840000000000002,166.6,46.596000000000004
201,614.23,32.4,24.5,1.901,1.436,2.633,45.5,38.4,1.1,0.2,9.9,10.3,11.0,1.6880000000000002,228.8,42.636
202,615.65,41.6,29.4,1.784,1.26,2.5810000000000004,51.2,39.2,1.2,0.3,10.4,10.8,11.5,1.574,203.2,44.523
203,617.15,36.7,26.9,1.91,1.3969999999999998,2.8,50.1,33.8,1.0,4.6,7.6,7.9,7.2,1.661,133.8,49.089
204,618.08,55.5,35.7,1.679,1.079,2.6039999999999996,58.5,30.6,0.4,2.7,6.2,6.5,6.3,1.4609999999999999,80.0,21.583000000000002
205,623.61,50.7,33.6,1.703,1.13,2.5639999999999996,55.9,17.5,0.5,1.4,2.3,2.4,2.4,1.4569999999999999,148.2,19.035999999999998
206,625.86,49.6,33.2,1.7309999999999999,1.157,2.634,56.1,16.0,0.2,-1.9,2.0,2.1,2.5,1.4880000000000002,171.2,19.009
207,628.22,52.3,34.4,1.679,1.102,2.523,56.3,23.0,1.5,2.7,3.7,3.8,3.6,1.4569999999999999,182.2,18.666
208,643.23,42.9,30.0,1.7069999999999999,1.194,2.391,50.1,39.4,2.0,5.8,10.6,10.9,9.7,1.595,98.0,43.583999999999996
209,643.47,41.0,29.1,1.827,1.296,2.694,51.9,37.1,0.8,1.2,9.2,9.6,9.9,1.659,133.0,38.601
210,644.66,50.7,33.7,1.6969999999999998,1.126,2.545,55.8,17.0,0.4,-2.4,2.2,2.3,2.8,1.551,114.4,17.6
211,652.1,35.0,25.9,1.83,1.355,2.526,46.4,36.4,-0.2,0.5,8.7,9.2,9.7,1.5959999999999999,177.2,25.612
212,655.07,48.0,32.4,1.72,1.162,2.553,54.5,34.0,-0.8,1.7,7.5,8.0,8.1,1.4969999999999999,196.2,19.011
213,657.13,41.5,29.3,1.788,1.263,2.591,51.2,30.2,0.3,-0.5,6.0,6.3,6.9,1.6280000000000001,363.0,25.005
214,659.1,26.6,21.0,1.886,1.49,2.4290000000000003,38.6,39.4,1.3,-1.1,10.5,10.9,12.1,1.706,229.8,24.938000000000002
215,659.47,41.0,29.1,1.8119999999999998,1.285,2.645,51.4,13.2,-0.5,-0.8,1.5,1.6,1.8,1.5930000000000002,419.6,21.413
216,660.18,26.8,21.2,1.8530000000000002,1.4609999999999999,2.367,38.3,41.2,1.6,-2.5,11.6,12.0,13.9,1.7169999999999999,239.2,21.386
217,660.25,64.4,39.2,1.639,0.997,2.675,62.7,34.2,0.2,1.3,7.7,8.1,8.3,1.4969999999999999,92.6,21.386
218,682.02,41.6,29.4,1.719,1.214,2.398,49.4,16.5,0.3,0.5,2.1,2.2,2.3,1.618,86.6,33.303000000000004
219,682.39,45.6,31.3,1.696,1.165,2.418,51.8,13.8,-0.3,-3.3,1.6,1.7,2.2,1.568,98.8,16.539
220,682.81,46.7,31.8,1.672,1.14,2.372,51.9,37.3,0.8,2.5,9.3,9.7,9.6,1.575,34.0,43.088
221,683.45,50.4,33.5,1.7,1.13,2.5469999999999997,55.6,29.4,0.1,-0.2,5.7,6.0,6.5,1.469,41.8,27.682
222,683.88,52.9,34.6,1.696,1.109,2.597,57.3,32.5,-0.2,0.9,6.9,7.3,7.6,1.5590000000000002,56.0,36.092
223,685.04,43.1,30.1,1.71,1.195,2.403,50.3,31.1,-0.6,-1.5,6.3,6.7,7.6,1.6119999999999999,90.0,21.298000000000002
224,685.18,48.0,32.5,1.6909999999999998,1.1420000000000001,2.4619999999999997,53.6,33.4,-1.0,2.4,7.2,7.7,7.6,1.541,40.2,23.574
225,691.735,42.1,29.6,1.7109999999999999,1.204,2.384,49.5,25.3,-0.9,0.7,4.2,4.5,4.7,1.615,95.6,18.579
226,692.898,39.8,28.5,1.7480000000000002,1.25,2.432,48.6,20.0,1.0,-1.1,2.9,3.0,3.4,1.6280000000000001,116.0,18.78
227,693.738,38.1,27.6,1.79,1.296,2.504,48.2,23.0,-0.1,-1.2,3.6,3.8,4.3,1.6230000000000002,182.6,19.548
228,694.3739999999999,41.0,29.1,1.7719999999999998,1.2570000000000001,2.529,50.3,23.7,-1.4,0.5,3.7,4.0,4.2,1.588,85.6,16.922
229,694.513,41.0,29.1,1.7990000000000002,1.276,2.6069999999999998,51.1,15.5,2.4,-2.0,2.0,2.0,2.4,1.6380000000000001,90.0,17.435
230,695.574,35.8,26.4,1.805,1.329,2.484,46.5,24.6,0.3,1.1,4.1,4.3,4.4,1.641,147.6,21.489
231,695.925,40.1,28.6,1.758,1.254,2.467,49.2,24.3,0.2,-1.0,4.0,4.2,4.7,1.599,104.4,19.436
232,697.1619999999999,29.9,23.0,1.8559999999999999,1.4280000000000002,2.452,41.8,22.7,-0.1,-0.2,3.5,3.7,4.0,1.713,477.0,26.445
233,698.408,45.2,31.1,1.722,1.186,2.489,52.4,35.8,0.5,1.4,8.5,8.9,9.1,1.5319999999999998,118.8,34.711999999999996
234,699.432,42.4,29.8,1.704,1.197,2.371,49.5,16.5,0.3,-1.1,2.1,2.2,2.5,1.5319999999999998,259.0,25.336
235,700.087,41.1,29.1,1.724,1.222,2.399,49.1,17.9,0.6,-0.1,2.4,2.5,2.7,1.548,312.2,25.686999999999998
236,703.34,32.2,24.4,1.87,1.4140000000000001,2.55,44.5,27.6,0.9,-0.9,5.1,5.3,5.9,1.617,471.4,22.866
237,703.95,29.8,23.0,1.893,1.4580000000000002,2.535,42.5,31.1,1.5,-0.4,6.5,6.7,7.3,1.6440000000000001,508.0,23.861
238,706.35,33.5,25.1,1.817,1.361,2.454,44.5,21.2,-0.5,0.9,3.1,3.3,3.4,1.635,684.2,28.511999999999997
239,709.29,38.1,27.6,1.757,1.272,2.416,47.4,17.0,0.4,1.3,2.2,2.3,2.3,1.545,458.6,26.088
240,710.97,38.2,27.7,1.7890000000000001,1.294,2.504,48.3,15.0,2.4,0.4,1.9,1.9,2.0,1.555,589.4,29.693
241,713.78,37.0,27.0,1.7819999999999998,1.3,2.455,47.0,26.2,0.6,0.3,4.6,4.8,5.1,1.601,92.4,16.656
242,721.03,35.8,26.3,1.8,1.3259999999999998,2.469,46.3,24.6,0.3,0.6,4.1,4.3,4.5,1.62,110.8,25.191
243,721.27,36.3,26.6,1.801,1.3219999999999998,2.485,46.8,21.2,-0.5,0.9,3.1,3.3,3.4,1.5430000000000001,131.4,24.699
244,723.06,45.3,31.2,1.702,1.171,2.432,51.8,25.0,-1.0,0.1,4.1,4.4,4.7,1.489,102.8,22.749000000000002
245,724.71,37.0,27.0,1.796,1.31,2.491,47.4,34.6,-0.7,-1.9,7.8,8.3,9.5,1.589,102.0,25.427
246,725.0,35.1,26.0,1.791,1.3259999999999998,2.43,45.4,18.4,2.6,-0.1,2.6,2.6,2.8,1.653,312.8,31.789
247,729.72,38.5,27.8,1.706,1.2309999999999999,2.296,46.4,26.7,-1.9,0.3,4.6,5.0,5.3,1.581,60.8,21.389
248,729.81,24.3,19.5,1.7530000000000001,1.411,2.12,33.5,25.6,-0.9,0.7,4.3,4.6,4.8,1.574,56.4,19.237000000000002
249,730.58,45.2,31.1,1.6680000000000001,1.149,2.33,50.7,17.9,0.6,-2.9,2.4,2.5,3.1,1.5630000000000002,60.0,14.120999999999999
250,731.84,18.7,15.7,1.994,1.681,2.423,30.6,27.6,-1.6,-0.5,4.9,5.3,5.8,1.57,37.2,15.749
251,733.64,63.1,38.7,1.6119999999999999,0.9890000000000001,2.528,60.9,9.8,2.0,1.0,1.1,1.1,1.1,1.4969999999999999,35.4,11.540999999999999
252,735.14,48.7,32.8,1.6780000000000002,1.128,2.435,53.7,29.9,0.2,5.8,5.9,6.2,5.3,1.56,36.6,9.738999999999999
253,739.9,47.9,32.4,1.746,1.181,2.637,55.2,15.5,0.1,-2.0,1.9,2.0,2.4,1.5330000000000001,44.0,18.802
254,740.7,43.3,30.2,1.7469999999999999,1.22,2.516,51.5,9.8,2.0,-2.6,1.1,1.1,1.4,1.528,34.8,66.34100000000001
255,748.92,56.9,36.3,1.675,1.068,2.625,59.3,25.6,-0.9,0.2,4.3,4.6,4.9,1.7530000000000001,52.2,11.352
256,750.11,36.3,26.6,1.702,1.249,2.241,44.3,32.3,-1.3,-0.2,6.7,7.2,7.8,1.486,50.8,17.253
257,750.93,25.0,20.0,2.045,1.636,2.722,39.9,9.8,2.0,-2.6,1.1,1.1,1.4,1.848,125.0,17.595
258,751.95,52.5,34.4,1.715,1.125,2.655,57.6,21.2,-0.5,-0.9,3.1,3.3,3.7,1.51,28.4,16.143
259,752.64,38.2,27.7,1.808,1.308,2.5580000000000003,48.9,32.5,-1.2,-1.9,6.8,7.3,8.4,1.653,47.0,16.038
260,753.38,36.4,26.7,1.8130000000000002,1.33,2.52,47.2,30.4,-0.8,-1.6,6.0,6.4,7.3,1.64,75.2,16.491
261,754.06,24.5,19.7,2.004,1.609,2.6180000000000003,38.5,18.4,0.7,-2.8,2.5,2.6,3.2,1.579,40.8,12.130999999999998
262,754.76,45.4,31.2,1.7469999999999999,1.2009999999999998,2.571,53.3,32.5,-0.2,-1.6,6.9,7.3,8.3,1.568,43.2,15.132
263,755.61,35.4,26.1,1.781,1.3159999999999998,2.4130000000000003,45.5,10.6,-1.3,-2.4,1.1,1.2,1.5,1.5659999999999998,30.6,10.475999999999999
264,756.21,46.5,31.7,1.679,1.146,2.39,52.1,17.5,0.5,-1.6,2.3,2.4,2.8,1.526,45.4,10.417
265,758.64,6.6,6.2,2.28,2.1390000000000002,2.48,13.8,13.8,2.3,-2.5,1.7,1.7,2.1,1.62,54.8,8.274
266,759.45,32.7,24.6,1.942,1.463,2.747,46.7,36.9,-0.1,-1.2,9.0,9.5,10.6,1.7930000000000001,41.8,16.486
267,760.93,49.0,32.9,1.6780000000000002,1.126,2.443,53.9,11.3,-1.1,-2.2,1.2,1.3,1.6,1.546,44.4,12.847000000000001
268,761.08,51.5,34.0,1.6640000000000001,1.099,2.4530000000000003,55.2,16.5,0.3,-1.1,2.1,2.2,2.5,1.567,50.4,13.475999999999999
269,768.92,52.6,34.5,1.641,1.075,2.403,55.3,14.4,-0.2,-2.3,1.7,1.8,2.2,1.506,70.0,11.251
270,770.74,42.1,29.6,1.729,1.217,2.4330000000000003,50.0,16.5,0.3,-1.8,2.1,2.2,2.6,1.51,68.0,9.513
271,772.69,44.1,30.6,1.6969999999999998,1.178,2.391,50.7,11.3,2.1,-3.2,1.3,1.3,1.7,1.5090000000000001,63.0,10.530999999999999
272,773.25,45.9,31.5,1.653,1.133,2.302,50.8,11.3,-1.1,-1.1,1.2,1.3,1.5,1.575,84.4,9.036
273,778.69,21.9,18.0,2.063,1.692,2.653,36.2,25.3,0.5,0.7,4.3,4.5,4.7,1.8719999999999999,79.0,15.239
274,788.01,55.6,35.7,1.67,1.073,2.569,58.2,16.5,0.3,-0.3,2.1,2.2,2.4,1.591,158.0,14.974
275,790.0,41.1,29.1,1.8219999999999998,1.291,2.681,51.8,24.3,0.2,-0.5,4.0,4.2,4.6,1.537,108.2,11.925999999999998
276,790.66,14.5,12.7,2.209,1.929,2.656,27.4,36.2,0.6,-1.3,8.7,9.1,10.2,2.017,132.4,16.927
277,790.77,49.5,33.1,1.73,1.157,2.6289999999999996,56.0,22.3,-0.2,-0.8,3.4,3.6,4.0,1.6980000000000002,157.0,17.680999999999997
278,798.6039999999999,37.0,27.0,1.8130000000000002,1.324,2.537,47.8,34.4,-0.7,1.7,7.7,8.2,8.3,1.615,46.6,36.564
279,798.914,43.0,30.1,1.736,1.213,2.476,51.0,29.4,0.1,-1.0,5.7,6.0,6.7,1.5330000000000001,41.8,19.699
280,799.3389999999999,50.8,33.7,1.73,1.148,2.6630000000000003,56.9,23.7,0.1,-2.1,3.8,4.0,4.7,1.6480000000000001,54.4,24.374000000000002
281,800.1110000000001,46.5,31.7,1.7730000000000001,1.21,2.6889999999999996,55.0,25.3,-0.9,-0.3,4.2,4.5,4.9,1.5759999999999998,45.0,20.869
282,800.575,39.9,28.5,1.8130000000000002,1.296,2.6180000000000003,50.5,31.6,-1.5,-2.5,6.4,6.9,8.1,1.624,72.2,15.072000000000001
283,801.802,56.1,35.9,1.702,1.091,2.708,59.7,30.2,-0.8,0.7,5.9,6.3,6.6,1.547,71.0,23.774
284,802.198,40.6,28.9,1.788,1.271,2.5660000000000003,50.5,32.7,-0.2,-2.6,7.0,7.4,8.7,1.594,52.2,15.177999999999999
285,803.377,41.3,29.2,1.72,1.217,2.391,49.1,48.6,0.5,-3.3,16.5,17.3,20.3,1.551,44.6,18.627
286,803.908,34.4,25.6,1.808,1.3459999999999999,2.455,45.2,30.9,-0.6,-1.2,6.2,6.6,7.4,1.645,98.0,21.051
287,804.845,36.3,26.6,1.7930000000000001,1.315,2.4659999999999997,46.7,29.4,0.1,3.6,5.7,6.0,5.6,1.629,128.4,21.995
288,805.695,46.8,31.9,1.715,1.168,2.5069999999999997,53.4,27.3,0.9,3.2,5.0,5.2,4.9,1.504,58.2,16.25
289,806.072,41.4,29.3,1.768,1.25,2.528,50.5,30.6,-0.7,-0.5,6.1,6.5,7.1,1.618,98.8,17.747
290,806.8539999999999,44.7,30.9,1.7109999999999999,1.183,2.444,51.6,37.1,-1.7,1.5,8.9,9.6,9.8,1.5590000000000002,91.0,18.45
291,807.76,33.0,24.8,1.817,1.3659999999999999,2.44,44.0,32.5,-0.2,-2.6,6.9,7.3,8.6,1.665,170.0,20.482
292,808.64,55.4,35.6,1.72,1.107,2.7569999999999997,59.8,27.8,-0.3,3.2,5.1,5.4,5.1,1.54,135.0,11.431
293,809.73,40.3,28.7,1.76,1.254,2.478,49.4,23.0,-0.1,-0.7,3.6,3.8,4.2,1.577,137.0,183.355
294,810.57,42.3,29.7,1.778,1.249,2.582,51.6,24.0,-1.3,-1.0,3.8,4.1,4.6,1.5819999999999999,113.0,56.047
295,811.61,43.7,30.4,1.754,1.2209999999999999,2.545,52.0,30.2,-0.8,-0.1,5.9,6.3,6.8,1.588,96.8,15.87
296,812.66,39.5,28.3,1.805,1.294,2.5810000000000004,49.9,25.9,0.6,-2.1,4.5,4.7,5.5,1.597,105.6,17.428
297,813.53,36.3,26.6,1.805,1.325,2.494,46.9,25.6,-0.9,0.7,4.3,4.6,4.8,1.6230000000000002,94.8,21.535999999999998
298,815.36,39.5,28.3,1.797,1.2890000000000001,2.56,49.7,30.2,0.3,2.7,6.0,6.3,6.1,1.643,97.0,17.852999999999998
299,817.13,41.9,29.5,1.7480000000000002,1.2309999999999999,2.484,50.4,30.2,0.3,-0.9,6.0,6.3,7.0,1.575,151.0,21.354
300,818.26,41.6,29.4,1.732,1.2229999999999999,2.431,49.7,27.0,-0.5,0.3,4.8,5.1,5.4,1.554,99.0,22.459
301,821.03,44.2,30.7,1.725,1.196,2.476,51.7,33.4,0.0,-1.5,7.3,7.7,8.7,1.5519999999999998,95.4,19.743
302,821.2,43.8,30.5,1.735,1.206,2.4930000000000003,51.6,17.0,0.4,-1.7,2.2,2.3,2.7,1.565,101.2,18.963
303,822.45,46.7,31.8,1.725,1.176,2.536,53.6,16.5,0.3,-0.3,2.1,2.2,2.4,1.6019999999999999,104.2,19.119
304,823.66,43.3,30.2,1.742,1.216,2.504,51.4,15.0,0.0,-2.2,1.8,1.9,2.3,1.569,100.8,18.526
305,825.13,46.9,31.9,1.724,1.1740000000000002,2.537,53.7,28.6,-0.1,-0.3,5.4,5.7,6.2,1.579,96.0,17.948
306,827.22,41.5,29.4,1.754,1.239,2.491,50.3,25.9,-0.8,-1.6,4.4,4.7,5.4,1.614,102.6,19.299
307,828.02,51.7,34.1,1.7369999999999999,1.145,2.717,57.8,32.7,-0.2,-1.2,7.0,7.4,8.3,1.4609999999999999,53.2,12.264000000000001
308,829.43,48.6,32.7,1.682,1.1320000000000001,2.447,53.8,26.4,-0.6,0.8,4.6,4.9,5.1,1.526,54.2,20.916
309,830.6,41.0,29.1,1.8090000000000002,1.2830000000000001,2.638,51.4,29.7,-1.0,1.0,5.7,6.1,6.3,1.632,67.2,32.899
310,831.34,43.3,30.2,1.7480000000000002,1.219,2.519,51.6,27.0,-1.8,-1.9,4.7,5.1,5.9,1.541,44.8,14.729000000000001
311,831.79,42.1,29.6,1.795,1.263,2.6260000000000003,51.9,33.8,0.1,-3.0,7.5,7.9,9.4,1.601,56.2,12.966
312,832.45,39.4,28.3,1.83,1.3119999999999998,2.653,50.5,33.1,-1.1,-0.8,7.1,7.6,8.4,1.6,46.0,14.081
313,833.14,49.8,33.2,1.794,1.197,2.866,58.2,25.0,-1.0,-0.9,4.1,4.4,4.9,1.584,83.6,14.337
314,833.75,55.6,35.7,1.681,1.081,2.614,58.6,26.2,-0.7,-2.5,4.5,4.8,5.7,1.567,48.2,12.61
315,836.551,41.6,29.4,1.786,1.261,2.5860000000000003,51.2,25.0,0.4,0.1,4.2,4.4,4.7,1.578,56.2,14.175
316,837.768,38.3,27.7,1.797,1.2990000000000002,2.5269999999999997,48.6,22.7,-0.1,-0.2,3.5,3.7,4.0,1.584,56.0,16.803
317,838.7489999999999,38.9,28.0,1.78,1.281,2.495,48.6,27.3,-0.4,-1.4,4.9,5.2,5.9,1.585,55.4,16.383
318,839.68,45.2,31.1,1.808,1.246,2.765,55.0,30.4,-1.9,-0.1,5.9,6.4,6.9,1.584,59.4,22.241999999999997
319,840.1310000000001,40.0,28.6,1.77,1.264,2.498,49.4,20.8,-0.6,-0.4,3.0,3.2,3.5,1.6030000000000002,69.8,17.003
320,841.1610000000001,50.0,33.3,1.7309999999999999,1.1540000000000001,2.645,56.4,25.3,-0.9,-0.8,4.2,4.5,5.0,1.517,82.4,14.886
321,842.779,41.5,29.3,1.781,1.2590000000000001,2.569,51.0,22.7,-1.7,-0.7,3.4,3.7,4.1,1.546,54.6,29.814
322,843.535,47.7,32.3,1.75,1.185,2.6430000000000002,55.2,31.6,-0.5,-2.8,6.5,6.9,8.2,1.5519999999999998,58.4,14.05
323,844.977,47.2,32.1,1.757,1.194,2.653,55.0,23.7,0.1,3.9,3.8,4.0,3.6,1.557,49.8,22.805999999999997
324,846.176,32.7,24.6,1.841,1.3880000000000001,2.491,44.3,25.3,0.5,-1.8,4.3,4.5,5.2,1.67,116.6,23.074
325,847.2669999999999,39.6,28.4,1.8119999999999998,1.298,2.605,50.2,17.5,0.5,-0.9,2.3,2.4,2.7,1.6059999999999999,100.2,19.855999999999998
326,848.232,33.7,25.2,1.831,1.369,2.495,45.1,21.2,1.2,-2.1,3.2,3.3,3.9,1.618,106.0,22.666
327,849.362,51.0,33.8,1.7009999999999998,1.126,2.5639999999999996,56.1,34.6,-0.7,-2.2,7.8,8.3,9.6,1.493,53.0,21.798000000000002
328,850.568,40.2,28.7,1.79,1.2770000000000001,2.562,50.2,29.4,-2.2,0.2,5.5,6.0,6.4,1.6119999999999999,43.6,19.333
329,851.1569999999999,42.4,29.8,1.7830000000000001,1.253,2.6,51.8,29.2,-1.1,1.0,5.5,5.9,6.1,1.5919999999999999,40.6,17.922
330,852.942,47.1,32.0,1.704,1.158,2.48,53.3,40.6,-0.7,-3.6,10.9,11.6,13.9,1.514,84.0,22.344
331,854.062,31.8,24.1,1.8330000000000002,1.391,2.447,43.2,25.6,-0.9,-1.7,4.3,4.6,5.3,1.605,108.8,23.206
332,855.365,32.4,24.5,1.828,1.381,2.4530000000000003,43.7,23.3,0.0,-1.1,3.7,3.9,4.4,1.6340000000000001,51.2,18.833
333,856.26,49.1,32.9,1.75,1.1740000000000002,2.6860000000000004,56.3,25.6,-2.2,1.7,4.2,4.6,4.6,1.5830000000000002,42.6,14.706
334,857.06,33.3,25.0,1.8230000000000002,1.367,2.463,44.5,28.1,-0.2,0.0,5.2,5.5,5.9,1.6640000000000001,98.0,18.88
335,857.42,41.3,29.2,1.778,1.2590000000000001,2.556,50.7,23.7,0.1,-0.6,3.8,4.0,4.4,1.545,88.4,16.576
336,858.65,27.6,21.6,1.8940000000000001,1.484,2.4730000000000003,40.0,17.9,0.6,-1.5,2.4,2.5,2.9,1.716,88.0,18.382
337,859.94,35.0,25.9,1.821,1.348,2.502,46.1,19.6,-0.9,0.8,2.7,2.9,3.0,1.6540000000000001,121.6,18.765
338,861.09,31.4,23.9,1.8519999999999999,1.41,2.481,43.2,16.5,0.3,0.5,2.1,2.2,2.3,1.705,113.6,22.391
339,862.03,35.3,26.1,1.8159999999999998,1.3419999999999999,2.499,46.3,27.6,-1.6,-0.5,4.9,5.3,5.8,1.6580000000000001,152.8,23.379
340,863.62,45.7,31.4,1.7890000000000001,1.228,2.717,54.8,18.8,0.8,0.0,2.6,2.7,2.9,1.5930000000000002,63.4,16.044
341,865.54,25.8,20.5,1.964,1.561,2.575,39.4,25.3,-0.9,-0.8,4.2,4.5,5.0,1.683,121.4,15.626
342,866.92,41.4,29.3,1.797,1.271,2.612,51.3,21.2,-0.5,0.3,3.1,3.3,3.5,1.635,170.0,22.340999999999998
343,868.99,55.4,35.7,1.732,1.114,2.806,60.3,31.1,-0.6,0.4,6.3,6.7,7.1,1.469,146.2,16.555999999999997
344,869.56,42.8,30.0,1.807,1.266,2.685,52.9,20.8,-0.6,2.8,3.0,3.2,3.0,0.976,29.6,10.519
345,871.4,20.3,16.9,2.04,1.695,2.5540000000000003,33.6,31.8,0.6,-1.7,6.7,7.0,8.0,1.818,323.6,23.924
346,872.74,32.6,24.6,1.973,1.4880000000000002,2.8280000000000003,47.4,27.6,-1.6,-0.5,4.9,5.3,5.8,1.69,127.6,19.844
347,876.1,55.0,35.5,1.6840000000000002,1.087,2.609,58.3,33.1,-1.1,0.6,7.1,7.6,8.0,1.56,93.0,21.936999999999998
348,877.14,54.5,35.3,1.7169999999999999,1.112,2.718,59.1,28.1,-1.4,0.0,5.1,5.5,5.9,1.5730000000000002,107.0,25.369
349,878.44,57.6,36.5,1.713,1.088,2.7969999999999997,61.1,35.6,-1.3,1.4,8.2,8.8,9.0,1.489,119.0,23.776
350,880.46,51.8,34.1,1.702,1.121,2.591,56.7,37.7,-1.6,0.7,9.2,9.9,10.4,1.486,84.2,17.916
351,880.92,49.8,33.2,1.754,1.171,2.718,56.9,38.0,-0.6,6.6,9.5,10.1,8.7,1.555,135.8,24.916999999999998
352,882.27,44.2,30.6,1.72,1.193,2.459,51.5,27.8,1.0,4.1,5.2,5.4,4.9,1.528,151.4,29.294
353,916.58,1.7,1.6,2.9,2.853,2.991,4.6,31.1,1.5,0.0,6.5,6.7,7.2,2.487,168.2,2.108
354,924.18,3.8,3.7,2.74,2.639,2.929,9.9,37.5,3.3,2.2,9.7,9.8,9.8,2.322,268.0,3.2239999999999998
355,931.31,1.3,1.3,2.884,2.847,2.9530000000000003,3.6,35.2,3.1,-0.2,8.5,8.6,9.3,2.468,173.0,2.8810000000000002
356,931.76,1.7,1.7,2.843,2.7960000000000003,2.932,4.6,36.9,3.3,-0.3,9.4,9.5,10.3,2.366,285.8,2.5610000000000004
357,933.74,1.1,1.1,2.918,2.886,2.98,3.1,37.5,0.1,-3.3,9.3,9.8,11.7,2.428,522.6,3.8280000000000003
358,936.65,1.1,1.1,2.889,2.8560000000000003,2.95,3.2,37.5,-0.8,-3.3,9.2,9.8,11.7,2.487,597.0,4.031000000000001
359,938.68,1.1,1.1,2.891,2.86,2.951,3.1,33.6,1.0,-1.1,7.5,7.8,8.7,2.549,470.4,1.6119999999999999
360,943.85,1.5,1.5,2.918,2.875,3.0010000000000003,4.2,37.3,3.3,-0.2,9.6,9.7,10.5,2.508,338.0,2.44
361,945.952,1.4,1.4,2.885,2.844,2.9610000000000003,4.0,35.8,1.4,-2.0,8.6,8.9,10.2,2.5469999999999997,395.0,2.898
362,972.95,1.7,1.7,2.784,2.736,2.8689999999999998,4.6,41.5,0.9,-3.4,11.7,12.2,14.5,2.501,258.8,2.6430000000000002
363,982.7,1.2,1.2,2.861,2.8280000000000003,2.923,3.2,38.2,1.0,-0.4,9.8,10.2,11.1,2.475,854.4,2.253
364,984.93,1.0,1.0,2.8710000000000004,2.842,2.924,2.8,39.2,1.2,-0.6,10.4,10.8,11.8,2.4859999999999998,565.2,2.444
365,991.73,1.8,1.8,2.866,2.8160000000000003,2.9610000000000003,4.9,45.4,2.9,2.2,14.5,14.8,14.9,2.542,466.0,5.722
366,994.46,5.1,4.8,2.6660000000000004,2.5380000000000003,2.903,12.6,42.0,2.4,1.1,12.2,12.5,13.0,2.467,264.2,1.911
367,1001.35,1.5,1.5,2.8710000000000004,2.8280000000000003,2.951,4.2,39.1,2.0,-2.4,10.4,10.7,12.4,2.4730000000000003,821.8,2.7889999999999997
368,1004.48,0.9,0.9,2.88,2.853,2.93,2.6,35.2,0.4,0.4,8.2,8.6,9.1,2.491,272.0,3.286
369,1006.67,1.1,1.1,2.866,2.8339999999999996,2.925,3.1,37.8,1.0,-0.2,9.6,10.0,10.8,2.3480000000000003,394.4,2.311
